instrs,symbol,has_jal,has_lui_or_gp,has_gte
1,__pure_virtual,0,0,0
1,blockclear,0,0,0
1,intcos,0,0,0
2,func_8005B4C4,0,0,0
2,func_8005F678,0,0,0
2,func_800613C4,0,0,0
2,func_8006D50C,0,0,0
2,func_80072830,0,0,0
2,func_800E80C4,0,0,1
2,func_800F219C,0,0,1
2,func_8010694C,0,0,1
2,restoregp,0,0,0
3,AIInit_Reset1__Fv,0,1,0
3,AIPhysic_ResetCar__FP8Car_tObj,0,0,0
3,AISpeeds_GetNextAICar__FP8Car_tObj,0,0,0
3,CD_set_test_parmnum,0,1,0
3,CallSign__Q26Speech13MobileSpeaker,0,1,0
3,CallSign__Q26Speech15DispatchSpeaker,0,1,0
3,CarObj__Q26Speech13MobileSpeaker,0,0,0
3,CdLastPos,0,1,0
3,Draw_InitViews__Fv,0,1,0
3,Draw_SetDrawSyncCallback__FPFv_v,0,1,0
3,Font_SetBlitter__FPFiiPviiP12charactertbli_v,0,1,0
3,Hud_BustedOverlayOff__Fv,0,1,0
3,IsDisabled__10tPMenuItem,0,0,0
3,NextMenu__24tPMenuItemGoToMenuButton,0,0,0
3,Object_GetNumIMassObjects__Fv,0,1,0
3,PCinit,0,0,0
3,Perp__Q26Speech13MobileSpeaker,0,0,0
3,Physics_SetCurrentWallType__Fi,0,1,0
3,SPCH_SetPreLoadTicks,0,1,0
3,SetDQA,0,0,0
3,SetDQB,0,0,0
3,SetIdlePosition__12AIState_Idlei,0,0,0
3,StartUp__17AIState_Purgatory,0,1,0
3,StatusCount__Q26Speech15DispatchSpeaker,0,0,0
3,StatusSub__Q26Speech15DispatchSpeaker,0,0,0
3,TrsProj_SetTransPrecision__Fi,0,1,0
3,Unit__Q26Speech13MobileSpeaker,0,0,0
3,_padSetAct,0,0,0
3,func_800E6E88,0,0,0
3,func_80100724,0,0,0
3,func_80100730,0,0,0
3,func_8010073C,0,0,0
3,func_8010B100,0,0,0
3,getblocksize,0,0,0
3,iSPCH_ClearChosen,0,1,0
3,restoretextdraw,0,1,0
3,shapecount,0,0,0
4,AI_KeepCarsInLane__FP8Car_tObj,0,0,0
4,CdMode,0,1,0
4,CdStatus,0,1,0
4,ChangeClearPAD,0,0,0
4,ChangeClearRCnt,0,0,0
4,CheckCallback,0,1,0
4,CloseEvent,0,0,0
4,DeliverEvent,0,0,0
4,DisableEvent,0,0,0
4,EnableEvent,0,0,0
4,EnterCriticalSection,0,0,0
4,ExitCriticalSection,0,0,0
4,FlushCache,0,0,0
4,GPU_cw,0,0,0
4,HookEntryInt,0,0,0
4,InitHeap,0,0,0
4,OpenEvent,0,0,0
4,PCclose,0,0,0
4,ReadInitPadFlag,0,1,0
4,ResetEntryInt,0,0,0
4,ReturnFromException,0,0,0
4,SetGeomScreen,0,0,0
4,SetSp,0,0,0
4,StartCARD2,0,0,0
4,StopCARD2,0,0,0
4,SysDeqIntRP,0,0,0
4,SysEnqIntRP,0,0,0
4,TestEvent,0,0,0
4,Texture_ResetPaletteSharing__Fv,0,1,0
4,Track_SetTrackNumber__Fi,0,1,0
4,TrsProj_ResetTransPrecision__Fv,0,1,0
4,UserFuncInit,0,1,0
4,_bu_init,0,0,0
4,_card_info,0,0,0
4,_card_load,0,0,0
4,_card_write,0,0,0
4,_new_card,0,0,0
4,atoi,0,0,0
4,bzero,0,0,0
4,close,0,0,0
4,erase,0,0,0
4,firstfile2,0,0,0
4,format,0,0,0
4,func_800FDFE4,0,0,0
4,gettick,0,1,0
4,iSPCH_OneChosen,0,1,0
4,initgp,0,1,0
4,lseek,0,0,0
4,memchr,0,0,0
4,memcpy,0,0,0
4,memset,0,0,0
4,nextfile,0,0,0
4,open,0,0,0
4,printf,0,0,0
4,rand,0,0,0
4,read,0,0,0
4,setjmp,0,0,0
4,strcat,0,0,0
4,strchr,0,0,0
4,strcmp,0,0,0
4,strcpy,0,0,0
4,strlen,0,0,0
4,strncmp,0,0,0
4,strncpy,0,0,0
4,strrchr,0,0,0
4,strstr,0,0,0
4,tolower,0,0,0
4,toupper,0,0,0
4,write,0,0,0
5,AudioCmn_InitThunder__Fv,0,1,0
5,CdReadyCallback,0,1,0
5,CdSetDebug,0,1,0
5,CdSyncCallback,0,1,0
5,DsReadyCallback,0,1,0
5,Font_ExitFromGame__Fv,0,1,0
5,Font_ReSetBlitter__Fv,0,1,0
5,GetStatus__10AnimScript,0,0,0
5,IsEnabled__10tPMenuItem,0,0,0
5,MemCardCallback,0,1,0
5,Platform_ResetDCTBuffer__Fv,0,1,0
5,Scene_Init__Fi,0,1,0
5,SetVideoMode,0,1,0
5,SimQueue_CleanUp__Fv,0,1,0
5,Skidmark_RestartSkidmark__Fv,0,1,0
5,TextureProcess_Init__Fv,0,1,0
5,Value__14tPListIterator7tPlayer,0,0,0
5,VectorNormalS,0,0,0
5,funcEvSpError,0,1,0
5,funcEvSpErrorx,0,1,0
5,funcEvSpIOE,0,1,0
5,funcEvSpIOEx,0,1,0
5,funcEvSpNewcard,0,1,0
5,funcEvSpNewcardx,0,1,0
5,funcEvSpTimeout,0,1,0
5,funcEvSpTimeoutx,0,1,0
5,func_800E41FC,0,0,0
5,func_800E6E94,0,0,0
5,func_800EF26C,0,1,0
5,func_80100710,0,0,0
5,func_80105EAC,0,0,0
5,iSNDpacketplayoverhead,0,0,0
5,iSPCH_InitBanks,0,1,0
5,inittextdraw,0,1,0
5,iscurrentthread,0,1,0
5,savegp,0,1,0
6,GetCarBank__Q26Speech13MobileSpeakeri,0,1,0
6,GetFilterLength,0,1,0
6,GetFilterPriority,0,1,0
6,Hud_BTC_BonusTime__Fl,0,1,0
6,Hud_Perp_OverlayOff__Fi,0,1,0
6,Platform_GetDCTBuffer__FiPc,0,1,0
6,SetIntrMask,0,1,0
6,_96_remove,0,0,0
6,_SN_read,0,0,0
6,_SN_write,0,0,0
6,__12AIState_BaseP8Car_tObj,0,1,0
6,func_800EEA64,0,1,0
6,func_800F8E2C,0,1,0
6,func_80100748,0,0,0
6,func_8010B10C,0,0,0
6,func_8010B140,0,0,0
6,iSPCH_InitInGame,0,1,0
6,puts,0,0,0
7,AIScript_GetReactionTicksLeft__FP10AIScript_t,0,0,0
7,Anim_GetAnim__Fi,0,1,0
7,CD_Stopread,0,1,0
7,GetCarBank__Q26Speech15DispatchSpeakeri,0,1,0
7,Souffle_RestartTrackSouffle__Fv,0,1,0
7,__10tPMenuItemUi,0,1,0
7,__14tPListIteratorPsPi,0,1,0
7,func_800E6EA8,0,0,0
7,func_800EE9C8,0,1,0
7,func_80100760,0,0,0
7,func_80105C5C,0,0,0
7,func_8010B124,0,0,0
7,iSNDstreamgetstreamptr,0,1,0
7,stup0,1,0,1
8,AIHigh_Restart1__Fv,1,0,0
8,AILife_IsCarInAnyVisibleArea__FP8Car_tObj,1,0,0
8,AISpeeds_CalcHumanTopSpeed__FP8Car_tObj,1,0,0
8,AIState_Restart__Fv,1,0,0
8,AIState_StartUp__Fv,1,0,0
8,AudioClc_SilenceOpponentHorn__Fi,1,0,0
8,AudioCmn_PlayFESFX__Fi,1,0,0
8,BWorldSm_FindClosestQuadMaxIterations__FP8coorddefP12BWorldSm_Posi,1,0,0
8,BWorldSm_Restart__Fv,1,0,0
8,BWorld_DeInitContexts__Fv,1,0,0
8,Cars_CalculateRoadPosition__FP8Car_tObj,1,0,0
8,CdDataSync,1,0,0
8,CdFlush,1,0,0
8,CdGetSector,1,0,0
8,CdGetSector2,1,0,0
8,CdReady,1,0,0
8,CdSync,1,0,0
8,CopSpeak_Debug__Fv,1,0,0
8,CopSpeak_Stop__Fv,1,0,0
8,DashHUD_KillHUD__Fv,1,0,0
8,DecDCTout,1,0,0
8,DrawC_ReadeMapData__Fv,1,0,0
8,FeignAlloc__9SimpleMemi,1,0,0
8,Font_TextTint__Fi,0,1,0
8,GetRezIndex__Fi,0,1,0
8,HandleCops__15AIHigh_BTC_Perp,1,0,0
8,Loading_GetInitialMemory__Fv,1,1,0
8,MemCardEnd,1,0,0
8,PCcreat,0,0,0
8,PCopen,0,0,0
8,PadStartCom,1,0,0
8,PadStopCom,1,0,0
8,R3DCar_InsertCarFacetZ__FP8Car_tObjP13DRender_tView,1,0,0
8,RPause_StartPauseMenu__Fv,1,0,0
8,Render_InitLibRender__Fv,1,0,0
8,Render_InitPauseMenu__Fv,1,0,0
8,Render_KillPauseMenu__Fv,1,0,0
8,Render_StopFrameRender__Fv,1,0,0
8,Render_StopRenderingWorldView__Fi,1,0,0
8,Replay_StoringReplay__Fv,1,1,0
8,SNDSTRM_queuefile,1,0,0
8,SNDbankremove,1,0,0
8,SPCH_ResolveData,1,0,0
8,Scene_DeInit__Fv,1,0,0
8,Sched_CleanUpSchedule__FP15Sched_tSchedule,1,0,0
8,SetDelayedStatus__6SpeechPQ26Speech7Speakeri,0,1,0
8,SetFarColor,0,0,0
8,Speech_HandleRequest__Fllll,1,0,0
8,Speech_PurgeRAM__FPc,1,0,0
8,StSetMask,0,1,0
8,TextSys_WordFlags__Fi,0,1,0
8,TextSys_WordX__Fi,0,1,0
8,TextSys_WordY__Fi,0,1,0
8,TextSys_Word__Fi,0,1,0
8,___10AIHigh_Cop,1,0,0
8,___14AIHigh_BTC_Cop,1,0,0
8,___14AIHigh_Traffic,1,0,0
8,___18AIHigh_BTC_Wingman,1,0,0
8,___19AIHigh_BTC_HumanCop,1,0,0
8,___23AIDataRecord_AccTable_t,1,0,0
8,__builtin_delete,1,0,0
8,__builtin_vec_delete,1,0,0
8,_card_close,1,0,0
8,asyncloadfile,1,0,0
8,asyncloadfileat,1,0,0
8,asyncloadsegment,1,0,0
8,func_8005B468,1,0,0
8,func_8005CB4C,1,0,0
8,func_8006D514,1,0,0
8,func_8006D534,1,0,0
8,func_8006D554,1,0,0
8,func_8006D574,1,0,0
8,func_800EE878,0,1,0
8,func_800F5234,0,0,0
8,func_800F9360,1,0,0
8,func_800FA344,1,0,0
8,func_80105EC0,0,0,0
8,func_80105EE0,0,0,0
8,func_80105F00,0,0,0
8,func_80105F20,0,0,0
8,geti,0,0,0
8,iSNDmeminit,0,1,0
8,iSNDplatformfree,1,0,0
8,iSNDsystemtaskreal,1,0,0
8,loadpackadr,1,0,0
8,setRC2wait,0,1,0
8,textpixels,1,0,0
8,unpack,1,0,0
8,unpacksize,1,0,0
9,AIScript_ClearLastReactionIndex__FP10AIScript_t,0,0,0
9,AudioEng_StartServer__Fv,1,1,0
9,AudioEng_StopServer__Fv,1,1,0
9,AudioMus_InitGlobals__Fv,0,1,0
9,CdDataCallback,1,0,0
9,CdGetToc,1,0,0
9,CheckForWingmanRequest__19AIHigh_BTC_HumanCop,0,0,0
9,DashHUD_ToggleHud__Fi,0,1,0
9,DeInitArtResources__Fv,1,1,0
9,DecDCToutCallback,1,0,0
9,Draw_DeInitRenderEngine__Fv,1,1,0
9,DsDataCallback,1,0,0
9,Fog_DeInitFogTriggers__Fv,1,1,0
9,HudPmx_Kill__Fv,1,1,0
9,Hud_InitCdPlayer__Fv,0,1,0
9,PClseek,0,0,0
9,TrackSpec_SetUp__Fv,0,1,0
9,__SN_ENTRY_POINT,0,1,0
9,func_800EF248,0,1,0
9,func_800EF338,1,0,0
9,func_800F2E70,0,0,0
9,func_800FE364,0,1,0
9,iSNDpsxdisablespuirq,0,1,0
9,iSNDpsxenablespuirq,0,1,0
9,intarccos,1,0,0
9,locatebigentry,1,0,0
9,resettick,0,1,0
9,restoretimer,1,1,0
10,AIHigh_Restart2__Fv,1,0,0
10,AIPhysic_GearBottomSpeed__FP8Car_tObj6Gear_t,0,0,0
10,AIPhysic_GearInvSpeedRange__FP8Car_tObj6Gear_t,0,0,0
10,AIPhysic_GearTopSpeed__FP8Car_tObj6Gear_t,0,0,0
10,AIWorld_ApxSplineDistance__FiP8Car_tObj,1,0,0
10,AI_ClearLaneMerits__Fv,0,1,0
10,AI_GenericBeginCycle__FP8Car_tObj,1,0,0
10,AudList_PurgeAudio__Fv,1,1,0
10,AudioCmn_ReverbOff__Fv,1,1,0
10,BWorldSm_UForward__FP12BWorldSm_Pos,1,0,0
10,BWorldSm_UNormal__FP12BWorldSm_Pos,1,0,0
10,CarIO_CleanUp__Fv,1,1,0
10,Cars_ResetCarCounters__Fv,0,1,0
10,Device_StartUp__Fv,0,1,0
10,DrawW_ResetAnimationTimer__Fv,0,1,0
10,Draw_DrawDirectScreen__FP8shapetblii,1,0,0
10,Draw_InitLibRender__Fv,1,1,0
10,Draw_SetViewMemBudget__Fii,0,1,0
10,Draw__21tPMenuItemInteractiveb,1,0,0
10,Draw__28tPMenuItemNonInteractiveTextb,1,0,0
10,FindClosestLocationTo__Q26Speech13MobileSpeakeri,1,1,0
10,FindClosestLocationTo__Q26Speech15DispatchSpeakeri,1,1,0
10,Flare_Halo__FP13DRender_tViewiiP8coorddefP15Draw_FlareCache,1,0,0
10,Flare_InitLensFlare__Fv,0,1,0
10,GetVoice__6SpeechP8Car_tObj,1,1,0
10,Input_Fetch__Fi,1,1,0
10,Input_MainExitKey__Fv,0,1,0
10,MEM_infosize,0,1,0
10,Night_CreateNightTable__FiliPA256_A16_Uc,1,0,0
10,Object_DeInitIMassObjectInfo__Fv,1,1,0
10,Object_InitStatus__Fv,0,1,0
10,SNDPKTPLAY_unsafeframesoutstanding,0,1,0
10,SetDrawStp,0,1,0
10,SimQueue_GetCurrentInput__FiP14Input_tResults,0,1,0
10,Skidmark_KillSkidmark__Fv,1,1,0
10,Souffle_KillTrackSouffle__Fv,1,1,0
10,TextSys_LoadWords__Fi,1,1,0
10,TextSys_UnloadWords__Fv,1,1,0
10,Texture_InitMenuTexture__Fv,0,1,0
10,TrgSfx_RestartTrgSfx__Fv,1,0,0
10,___12AIHigh_Human,1,1,0
10,___15AIHigh_Opponent,1,1,0
10,___16AIHigh_BasicPerp,1,1,0
10,___20AIHigh_BTC_HumanPerp,1,1,0
10,___21tPListIteratorIndexed,1,1,0
10,___21tPMenuItemInteractive,1,1,0
10,___23tPMenuItemCommandButton,1,1,0
10,___24tPMenuItemGoToMenuButton,1,1,0
10,___25tPMenuItemLeftRightChoice,1,1,0
10,___25tPMenuItemLeftRightSlider,1,1,0
10,___28tPMenuItemNonInteractiveText,1,1,0
10,___32tPMenuItemLeftRightSliderIndexed,1,1,0
10,__builtin_new,1,0,0
10,__builtin_vec_new,1,0,0
10,_padWaitRXready,0,1,0
10,func_8005B438,1,1,0
10,func_80061348,1,1,0
10,func_80063248,1,1,0
10,func_800EFE0C,1,1,0
10,func_80106924,0,0,0
10,func_80109158,1,1,0
10,func_80109180,1,1,0
10,func_8010CA40,1,1,0
10,iSNDpacketirqcallback,1,0,0
10,iSNDpsxeffectvol,0,1,0
10,iSNDpsxkeyoff,0,1,0
10,iSNDpsxkeyon,0,1,0
10,iSPCH_InitEventDat,0,1,0
10,remapshiftjiscode,0,1,0
10,shapepointer,0,0,0
11,AISpeeds_CleanUp__Fv,1,1,0
11,AudioCmn_PlaySound__Fiiiii,1,1,0
11,AudioCmn_PlayThunder__Fii,0,1,0
11,DrawW_LoadPrecVECTOR__FP12Draw_SVertexP6VECTOR,0,0,0
11,GetTimedAnimPosRot__10AnimScriptP8coorddefP10matrixtdef,1,0,0
11,Hrz_KillHorizon__Fv,1,1,0
11,Hud_BuildSprite2__FP4SPRTiii,1,1,0
11,Hud_InitTables__Fv,0,1,0
11,Hud_Perp_OverlayOn__Fii,0,1,0
11,MemCardInit,1,1,0
11,Newton_FindClosestQuad__FP13BO_tNewtonObj,1,0,0
11,Object_GetAnim__FP13Trk_SimObject,0,1,0
11,Object_GetIMassObjectDimensions__FiP8coorddef,0,1,0
11,Render_InitTrackRenderPostSim__Fv,1,1,0
11,SNDPKTPLAY_overhead,1,0,0
11,SNDSTRM_create,1,0,0
11,SetContext__Fi,0,1,0
11,SetMurderMode__13AIState_Chaseii,0,1,0
11,SimQueue_StartUp__Fv,1,1,0
11,Speech_AllocateRAM__FlPc,1,0,0
11,StopCARD,1,0,0
11,_padSetVsyncParam,0,1,0
11,fixedmult,0,0,0
11,func_800B75CC,0,1,0
11,func_800EFE34,0,0,0
11,func_800F8794,0,0,0
11,func_800F8FCC,1,0,0
11,func_801065F8,0,1,0
11,iFILE_delbigclosecallback,1,0,0
11,iSNDmemconstrain,0,1,0
11,iSNDplatformfxmasterlevel,1,0,0
11,iSPCH_MemFree,1,1,0
11,settrans,0,1,0
11,waitdraw,1,1,0
12,AILife_RCSetSpeeds__FP8Car_tObj,1,0,0
12,AIScript_DoReAction__FP10AIScript_t20AIScript_tAIReaction,0,0,0
12,AddPerp__Q26Speech15DispatchSpeakerP8Car_tObj,0,0,0
12,AudioClc_InitSource__FP16AudioClc_tSourceP8Car_tObj,0,0,0
12,AudioClc_SoundSpeech__Fv,1,0,0
12,BWAllocMem__Fl,1,1,0
12,BworldSm_IsSimQuadValid__FP12BWorldSm_Pos,0,0,0
12,CD_Restore,1,1,0
12,ClearPerp__Q26Speech15DispatchSpeakerP8Car_tObj,0,0,0
12,Clock_SystemCleanUp__Fv,1,1,0
12,CopSpeak_BankVolume__FP17CopSpeak_tRequest,0,1,0
12,CopSpeak_InitRequest__FP17CopSpeak_tRequest,0,0,0
12,DMACallback,1,1,0
12,DecDCTvlcSize,0,1,0
12,DrawC_BuildRenderingData__Fv,1,0,0
12,DrawC_KillRenderingData__Fv,1,1,0
12,FILE_operror,0,1,0
12,FILE_readsync,1,1,0
12,HudOff__14AIHigh_BTC_Cop,1,0,0
12,InitArtResources__Fv,1,1,0
12,InterruptCallback,1,1,0
12,KnownPerp__Q26Speech15DispatchSpeakerP8Car_tObj,0,0,0
12,Platform_InitMemory__Fv,0,1,0
12,ResetCallback,1,1,0
12,ResizeToFit__9SimpleMem,1,0,0
12,SetSemiTrans,0,0,0
12,SetShadeTex,0,0,0
12,StSetRing,1,1,0
12,StartRCnt,0,1,0
12,Texture_KillMenuTexture__Fv,1,1,0
12,TrsProj_SetPsxTransZero__Fv,0,0,0
12,VSyncCallbacks,1,1,0
12,VectorNormal,1,0,0
12,VectorNormalSS,1,0,0
12,_card_open,1,0,0
12,elapsedticks,1,1,0
12,func_800EF308,0,1,0
12,func_80106624,0,0,0
12,func_8010A510,0,0,0
12,iSNDplatformcalcdatarate,0,0,0
12,iSNDserveradd100hzclient,0,1,0
12,iSNDserveraddclient,0,1,0
12,iSPCH_MemAlloc,1,1,0
12,read__FPPcPvi,0,0,0
13,AI_AvoidObjects__FP8Car_tObj,1,1,0
13,AI_GenericEndCycle__FP8Car_tObj,1,0,0
13,BWorld_SetSpikeBelt__Fiii,0,1,0
13,Bullhorn__Q26Speech13MobileSpeaker,1,1,0
13,CV_InitColorVertices__Fv,1,1,0
13,DecDCTReset,1,0,0
13,Draw_DeInitViewsInGame__Fv,0,1,0
13,Get__30AIDataRecord_CurveSpeedTable_ti,0,0,0
13,SNDattributessetdef,0,0,0
13,STREAM_overhead,0,0,0
13,Scene_PurgeScene__Fv,1,1,0
13,TextureProcess_TransColorCheck__FPci,0,0,0
13,VSyncCallback,1,1,0
13,__10AIDelayCarP8Car_tObjT1i,1,0,0
13,__12AIHigh_HumanP8Car_tObj,1,1,0
13,__21tPMenuItemInteractiveUi,1,1,0
13,__28tPMenuItemNonInteractiveTextUi,1,1,0
13,___10tPMenuItem,1,1,0
13,___14AIState_Cruise,1,1,0
13,___14AIState_Normal,1,1,0
13,___14tPListIterator,1,1,0
13,___17AIState_GotoSlice,1,1,0
13,___22ObjectFinishedSignAnim,1,1,0
13,___23ObjectFinishedMultiAnim,1,1,0
13,___6tPMenu,1,1,0
13,_copy_memcard_patch,0,1,0
13,_padInitDirSeq,0,1,0
13,func_8005B490,1,1,0
13,func_8005B4CC,1,1,0
13,func_8005F680,1,1,0
13,func_800613CC,1,1,0
13,func_80072838,1,1,0
13,func_800A6DE0,1,1,0
13,func_800EFAF8,1,1,0
13,func_800F0BC0,0,1,0
13,func_80106500,0,0,0
13,func_8010887C,1,1,0
13,func_801091A8,1,1,0
13,iSNDplatformpacketoverhead,0,1,0
13,iSNDstreamdestroyall,1,0,0
14,AIInit_CleanUp1__Fv,1,0,0
14,AISpeeds_StartUp__Fv,1,1,0
14,AITune_StartUp1__Fv,1,1,0
14,Anim_DeInitSystem__Fv,0,1,0
14,AudioCmn_DeInitAsyncSfx__Fv,1,0,0
14,AudioCmn_InitAsyncSfx__Fv,0,1,0
14,AudioCmn_InitChannelArray__Fv,0,1,0
14,AudioCmn_PlayPauseSound__Fi,1,1,0
14,AudioCmn_PlayWrongWaySFX__Fv,1,1,0
14,BWorldSm_Init__FP5Group,1,1,0
14,BWorld_InitContexts__Fv,0,1,0
14,CalcObjYawAngle__FP8CCOORD16,1,0,0
14,Camera_SetCamera__FP13DRender_tView,1,0,0
14,CopSpeak_GetEnginePatch__Fii,0,1,0
14,Dispatch__6Speech,0,1,0
14,Font_TextColor__Fi,0,1,0
14,GetAngleWind__FP17Souffle_tISouffle,1,0,0
14,GetRCnt,0,1,0
14,MPause_InitMPause__Fv,1,1,0
14,PadSetActAlign,1,1,0
14,Render_CreateViews__Fv,1,0,0
14,SNDplay,1,1,0
14,STREAM_bufferusage,1,0,0
14,STREAM_gettable,1,0,0
14,STREAM_state,1,0,0
14,SetTexWindow,1,0,0
14,Sort__24AITrigger_TriggerManager,1,1,0
14,StartCARD,1,0,0
14,Texture_ColorCarPalette__FPcT0i,0,1,0
14,_padGetActSize,0,0,0
14,addmatrix,0,0,0
14,deltimer,0,1,0
14,fixedinverse,0,0,0
14,func_800FE32C,0,1,0
14,iSNDenteraudio,1,1,0
14,iSNDplatformfxinit,1,1,0
14,iSNDpsxzerospu,0,0,0
14,iSNDsetslot,0,1,0
14,iSNDstreamnumcreated,0,1,0
14,submatrix,0,0,0
15,AILife_PlaceCarAtLocation__FP8Car_tObjiiiii,1,0,0
15,AIPhysic_TargetedGetDesiredVector__FP8Car_tObj,0,0,0
15,AIScript_Startup__FP10AIScript_t,1,0,0
15,AddRecordToCollection__14AIDataRecord_t,0,1,0
15,BankPatch__6SpeechlP8Car_tObj,0,0,0
15,Clear__16AIHigh_BasicPerp,0,0,0
15,CopSpeak_RadioStaticInit__Fv,0,1,0
15,DecDCTinSync,1,0,0
15,Draw_GetDRAWENV__Fii,0,1,0
15,HighExecute__12AIHigh_Human,1,0,0
15,Hrz_CalculateLightning__Fv,1,1,0
15,InitCARD2,0,1,0
15,IsNumChar__Fc,0,0,0
15,MPause_EndPauseMenu__Fv,1,1,0
15,Night_SetPlayerHeadLightColor__Fiii,1,1,0
15,NormalCache_Init__Fv,0,1,0
15,Physics_GetTorque__FP8Car_tObji,0,0,0
15,R3DCar_DeInstantiate3DCar__FP8Car_tObj,1,0,0
15,RemoveChaser__16AIHigh_BasicPerpii7copType,0,0,0
15,RemoveRecordFromCollection__14AIDataRecord_t,0,1,0
15,SetDefDispEnv,0,0,0
15,Speech_Server__Fv,1,0,0
15,TrgSfx_AddCarExtraCheck__Fii,0,1,0
15,_chk_card_event,0,1,0
15,_chk_card_event_x,0,1,0
15,func_800F0CE8,1,1,0
15,func_800FC2F8,0,1,0
15,func_8010911C,1,0,0
15,initjoy,1,1,0
15,locatebigoffset,1,1,0
15,shapename,0,0,0
16,AITune_GetDriveSide__Fv,0,1,0
16,AITune_GetRoughLapTimes__Fv,0,1,0
16,AIWorld_GetProfileMask__Fi,0,0,0
16,AddPrim,0,1,0
16,AllocArtResource__FP18Track_tArtresourcei,1,0,0
16,AudioMus_SetCurrentSongInfo__Fv,1,1,0
16,Force_Pause__Fv,0,1,0
16,GetTPage,0,0,0
16,MPause_KillMPause__Fv,1,1,0
16,MemCardStop,1,1,0
16,MoveAngleWind__FP17Souffle_tISouffle,0,0,0
16,Render_StartFrameRender__Fv,1,0,0
16,SNDSTRM_overheadtap,1,0,0
16,SPCHNFS_D_C_BKUP_REQUEST_DENIED_REPLY,1,0,0
16,SPCH_PlaySpeech,1,0,0
16,Souffle_InitTrackSouffle__Fv,1,1,0
16,Stats_ClearPosition__Fv,0,1,0
16,TrsProj_SetMenuProjection__Fiiii,0,0,0
16,UpdateFreezeModeAndPullOverMode__18AIHigh_BTC_Wingman,0,0,0
16,Weather_GetNewState__Fv,1,0,0
16,__14AIHigh_BTC_CopP8Car_tObji,1,1,0
16,__14AIHigh_TrafficP8Car_tObj,1,1,0
16,_card_clear,1,0,0
16,divu64,0,0,0
16,func_800E5EDC,0,0,0
16,func_800EF280,0,1,0
16,func_800FC334,0,0,0
16,func_800FC810,1,0,0
16,iSNDischanreserved,0,1,0
16,iSNDpsxeffectoff,0,1,0
16,iSNDpsxeffecton,0,1,0
16,iSNDstreamparseend,1,0,0
16,iSPCH_DisposeBanks,1,1,0
16,init_ring_status,0,1,0
16,loadfileadrz,1,1,0
16,loadfileatadrz,1,1,0
16,locatebig,1,0,0
17,AIPhysics_UseCoolPhysics__FP8Car_tObj,0,0,0
17,AISpeeds_GetLegalSpeed__Fi,0,1,0
17,AI_CarAvoidance__FP8Car_tObj,1,0,0
17,AI_ProcessObservationsAndChooseLane__FP8Car_tObj,1,1,0
17,AudioCmn_InitReverb__Fv,1,1,0
17,AudioCmn_LoadFESamples__Fv,1,1,0
17,CheckForBlockaderRequest__19AIHigh_BTC_HumanCopPi,0,0,0
17,DrawW_WorldSetUpTranslation__FP8coorddefP6MATRIX,0,0,0
17,Hrz_RotProj16__FiP7SVECTORPiP7DVECTOR,0,0,1
17,InTargetSliceRange__17AIState_GotoSlicei,1,0,0
17,KillFile_OpenRead__Fv,1,1,0
17,Load__14AIDataRecord_t,1,0,0
17,LocateGroupNum__15SerializedGroupi,0,0,0
17,Newton_LimitCarsToDrivableDist__FP13BO_tNewtonObj,1,0,0
17,Platform_TempReserveMemory__FiPc,0,1,0
17,Replay_DoReplay__FP8Car_tObj,1,1,0
17,SNDSTRM_overhead,1,0,0
17,SNDbankheadersize,0,1,0
17,Sky_KillStars__Fv,1,1,0
17,Texture_LoadImage__FP4RECTPUl,1,0,0
17,__11SaveSurfacei,1,1,0
17,__15AIHigh_OpponentP8Car_tObj,1,1,0
17,__21tPListIteratorIndexedPsPiPc,1,1,0
17,__23tPMenuItemCommandButtonUi17tPMenuCommandType,1,1,0
17,__25tPMenuItemLeftRightChoiceUiP14tPListIterator,1,1,0
17,_padStopCom,1,1,0
17,cluttype,0,1,0
17,filesize,1,1,0
17,func_8010C9FC,0,1,0
17,iSNDmemrestore,0,1,0
17,iSNDplatformpacketplaydestroy,1,1,0
17,iSNDstreamreleasecallback,1,1,0
17,iSPCH_RepeatEvent,0,1,0
17,xzsquaredist32__FP8coorddefT0,0,0,0
18,AIPhysic_CheckDesiredDirection__FP8Car_tObj,0,1,0
18,AIWorld_CalcSpeed__FP8Car_tObj,0,0,0
18,AI_InitAIInfo__FP8Car_tObj,1,1,0
18,Audio_FECleanUp__Fv,1,1,0
18,BWorld_GetSpikeBelt__FPiN20,0,1,0
18,CalcMph__Q26Speech7SpeakerP8Car_tObj,1,1,0
18,Cars_DeInitCar__FP8Car_tObj,1,0,0
18,DepthCue_Init__Fv,1,1,0
18,Draw__22ObjectFinishedSignAnimP13DRender_tViewP11Draw_DCachei,1,0,0
18,Font_SetABR__Fi,1,1,0
18,GetGustWind__FP17Souffle_tISouffle,1,0,0
18,ItemEnabledNum__6tPMenui,0,0,0
18,Mobile__6SpeechP8Car_tObj,1,1,0
18,PadSetMainMode,1,1,0
18,R3DCar_LoadFileAdr__FPc,1,1,0
18,Render_RestartTrackRender__Fv,1,0,0
18,SPCHNFS_C_C_IDLE_WINGMAN_DISAPPEARS,1,0,0
18,SPCHNFS_C_D_ENDGAME,1,0,0
18,SPCHNFS_C_D_IN_PURS_PERP_AIRBORN,1,0,0
18,SPCHNFS_C_D_REQ_RDBLK,1,0,0
18,SPCHNFS_C_D_REQ_SPBLT,1,0,0
18,SPCHNFS_C_P_BULLHORN_SPEECH,1,0,0
18,SPCHNFS_C_P_FALSE_ARREST_BULLHORN,1,0,0
18,SPCHNFS_D_A_CONFIRM,1,0,0
18,SPCHNFS_D_C_IN_PURS_NEAR_PERP,1,0,0
18,SPCHNFS_D_C_RDBLK_SPBLT_DENIED_REPLY,1,0,0
18,SPCHNFS_S_C_SUPER_COP_ARRIVAL,1,0,0
18,SPCHNFS_S_C_SUPER_COP_CRITICISM,1,0,0
18,SPCH_ClearEventQueue,0,1,0
18,STREAM_buffersize,1,0,0
18,Texture_DeInitPaletteSharing__Fv,1,1,0
18,Track_MakeTrackDataPathName__FPc,1,1,0
18,Track_MakeTrackPathName__FPc,1,1,0
18,Udff_GetBuffer__FP10Udff_tInfoPci,1,0,0
18,__14AIDataRecord_t26AIDataRecord_WhichRecord_tPc,1,1,0
18,__16AIHigh_BasicPerpP8Car_tObj,1,1,0
18,__32tPMenuItemLeftRightSliderIndexedUiPicPc,1,1,0
18,___11SaveSurface,1,0,0
18,func_800ED1F8,1,0,0
18,func_800ED2F0,1,0,0
18,func_800EF2C0,0,1,0
18,func_8010C0A8,1,1,0
18,iSNDdivu64,0,0,0
18,iSPCH_SaveChosenSentence,0,1,0
18,loadbigfileheader,1,1,0
18,loadfileadr,1,1,0
18,loadfileatadr,1,1,0
18,nfs2eacinit__Fv,1,0,0
18,vramimage,1,1,0
19,AIPerson_LoadGridAndSetPersonalityIndexes__Fv,0,1,0
19,AIPhysic_CalcDeceleration__FP8Car_tObj,0,1,0
19,AI_ChooseNewLaneSlack__FP8Car_tObj,0,1,0
19,AI_WorldAvoidance__FP8Car_tObj,1,0,0
19,Alloc__9SimpleMemii,0,0,0
19,AudioMus_Buffered__Fv,0,1,0
19,CD_initintr,1,1,0
19,CarIO_ReStart__Fv,1,1,0
19,Debounce__6tPMenu,1,0,0
19,Draw__32tPMenuItemLeftRightSliderIndexedb,1,0,0
19,Fog_AllocKey__Fv,0,1,0
19,Paths_StartUp__Fv,0,1,0
19,Platform_ReserveMemory__FiPc,0,1,0
19,ProcessInput__32tPMenuItemLeftRightSliderIndexedR13tInputKeyTypeR13tPMenuCommand,1,0,0
19,Render_CreatePauseMenuViews__Fv,1,1,0
19,Render_RenderPlayerView__Fii,1,1,0
19,SNDSYS_vectortoreal,1,1,0
19,SPCHNFS_C_C_NEW_OFFICER_ENGAGING,1,0,0
19,SPCHNFS_D_C_PERP_LOST_CONFIRM,1,0,0
19,SPCHNFS_D_C_PERP_SIGHTED_CONFIRM,1,0,0
19,TextSys_LoadInGame__Fi,1,1,0
19,UpdateWingmanRole__19AIHigh_BTC_HumanCop12Wingman_Role,0,0,0
19,__10AIHigh_CopP8Car_tObji,1,1,0
19,__18AIHigh_BTC_WingmanP8Car_tObji,1,1,0
19,__6tPMenuP10tPMenuIteme,1,1,0
19,func_8005F62C,1,1,0
19,func_80061378,1,1,0
19,func_80072758,1,1,0
19,func_800F0B74,0,0,0
19,iSNDpvtolrv,0,0,0
19,iSPCH_TestSubBankBounds,0,1,0
19,startIntrDMA,1,1,0
19,tPMenuConstructor__6tPMenuP10tPMenuItemPv,0,0,0
19,timedwait,1,0,0
20,AICop_Restart__Fv,1,1,0
20,AIPhysic_DeInitCar__FP8Car_tObj,1,0,0
20,AI_TargetLane__FP8Car_tObji,0,1,0
20,AI_TrafficCleanUp__Fv,1,1,0
20,AudioCmn_GetTimePhrase__Fi,0,1,0
20,AudioCmn_SetLevels__Fv,0,1,0
20,CopSpeak_Flush__Fv,0,1,0
20,Execute__14AIState_Normal,1,0,0
20,FILE_overhead,0,0,0
20,Fog_MakeTrackPathName__FPc,1,1,0
20,Font_DeInit__Fv,1,1,0
20,HrzSetPsxTranslation__FP8coorddef,0,0,0
20,Hud_Kill__Fv,1,1,0
20,MemCardStart,1,1,0
20,NumEnabledItems__6tPMenu,0,0,0
20,PAD_state,1,1,0
20,PadSetAct,1,1,0
20,R3DCar_Showroom__FP13DRender_tView,1,1,0
20,SNDPKTPLAY_framesoutstanding,1,1,0
20,SNDgetlimits,0,1,0
20,SNDover,1,1,0
20,SNDplaysetdef,0,0,0
20,SPCHNFS_D_C_INTRO_CALL,1,0,0
20,STREAM_setpriority,1,0,0
20,SaveAndPurge__14AIDataRecord_t,1,0,0
20,Setup__14AIDataRecord_t,1,0,0
20,TextValue__14tPListIterator7tPlayer,1,0,0
20,TextValue__21tPListIteratorIndexed7tPlayer,1,0,0
20,Track_GetProperMultiPalShapeIndex__Fii,0,1,0
20,TrsProj_SetPsxTrans__FP8coorddef,0,0,0
20,___17AIHigh_BTC_AIPerp,1,1,0
20,_comp_mant,0,0,0
20,func_800FC5E4,0,0,0
20,iSPCH_BindData,0,1,0
20,iSPCH_CheckTemplateSample,1,0,0
20,largestunused,1,1,0
20,memcmp,0,0,0
21,AILife_SetInitialSlicePositionOrientationEtc__FP8Car_tObj,1,1,0
21,AIPhysic_ProcessBarrierCollision__FP8Car_tObj,1,1,0
21,AIWorld_IsDriveableLane__Fii,0,1,0
21,AI_GenericCycle__FP8Car_tObj,1,0,0
21,AddChaser__16AIHigh_BasicPerpii7copType,1,0,0
21,AudList_LoadAudioFile__Fi,1,1,0
21,BWorldSm_SetSlice__FiP12BWorldSm_Pos,0,1,0
21,BWorld_IsSliceInBuildList__Fi,0,1,0
21,FILE_closesync,1,0,0
21,FILE_delbigsync,1,0,0
21,FILE_sizesync,1,0,0
21,Fog_CheckRange__FiP6FogKey,0,0,0
21,LoadFrontendOverlay__Fv,1,1,0
21,Math_DistXZ__FP8coorddefT0,0,0,0
21,NFS3_CheckForFileOperations__Fv,0,1,0
21,Object_GetObjDefID__Fi,0,1,0
21,PAD_restore,1,1,0
21,R3DCar_TurnHeadLightOff__FP8Car_tObji,0,0,0
21,ResetClearTrafficToPurgatory__19AIHigh_BTC_HumanCop,0,1,0
21,SNDPKTPLAY_destroy,1,1,0
21,SNDPKTPLAY_submitspace,0,1,0
21,SPCHNFS_C_A_CONFIRM,1,0,0
21,SPCHNFS_C_D_DURING_FALSE_ARREST,1,0,0
21,SPCHNFS_C_D_IN_PURS_NEAR_PERP_REP_SPD,1,0,0
21,SPCHNFS_C_D_PERP_APPREHENSION,1,0,0
21,SPCHNFS_C_D_REQUEST_EMS,1,0,0
21,SPCHNFS_C_P_ARRESTED,1,0,0
21,SPCHNFS_C_P_TICKET,1,0,0
21,SPCHNFS_C_P_WARNING,1,0,0
21,SPCHNFS_D_C_RDBLK_CONFIRMED,1,0,0
21,SPCHNFS_D_C_RDBLK_SPBLT_GRANT_REPLY,1,0,0
21,SPCH_Deinit,1,1,0
21,SetDrawMode,1,0,0
21,Stats_GetNumOpponents__Fv,0,1,0
21,Stats_GetPosition__FP8Car_tObj,0,1,0
21,TrsProj_SetViewTrsProjEnviro__FP13DRender_tView,1,1,0
21,Udff_Close__FP10Udff_tInfo,1,0,0
21,__17AIState_GotoSliceP8Car_tObjii,1,1,0
21,__24tPMenuItemGoToMenuButtonUiP6tPMenuPFR13tPMenuCommand_v,1,1,0
21,__25tPMenuItemLeftRightSliderUiPic,1,1,0
21,fixedsqrt,0,1,0
21,func_8005C414,0,1,0
21,func_800B75F8,0,1,0
21,func_800FC11C,0,0,0
21,func_80105DD8,0,0,0
21,iSNDbankalloc,0,1,0
21,iSPCH_CheckBankBit,1,0,0
21,iSPCH_Rand,1,1,0
21,readsectorB,0,1,0
22,AIPhysic_GetRearEndDamageFactor__FP8Car_tObj,1,1,0
22,AIPhysic_ModifyAccelerationAccordingToScript__FP8Car_tObji,1,0,0
22,AITune_GetOneWay__Fv,0,1,0
22,AIWorld_SplineDistance__FP8Car_tObjT0,1,1,0
22,BWorldSm_TunnelFlagSm__FP12BWorldSm_Pos,0,1,0
22,Camera_IslandProfile__FUs,0,0,0
22,ClearTrafficToPurgatory__19AIHigh_BTC_HumanCop,0,1,0
22,FILE_atomic,1,1,0
22,FILE_opstatus,0,1,0
22,HighExecute__20AIHigh_BTC_HumanPerp,1,0,0
22,Hud_Init0__Fv,1,1,0
22,Hud_Reset__Fv,0,1,0
22,Nfs2_BefuddleCode__Fv,1,1,0
22,Object_FindDefWithThisID__Fi,0,1,0
22,Physics_TestForBarrierCollision__FP8Car_tObj,1,0,0
22,Render_RenderPauseMenuView__Fv,1,1,0
22,SPCHNFS_C_A_INTRO,1,0,0
22,SPCHNFS_C_C_IN_PURS_NEAR_PERP,1,0,0
22,SPCHNFS_C_D_RDBLK_FAILED,1,0,0
22,SPCHNFS_C_D_SPBLT_FAILED,1,0,0
22,SPCHNFS_D_C_PERP_APPREHENSION_REPLY,1,0,0
22,SPCH_InitBankMem,1,1,0
22,Texture_InitTrackTexture__Fv,1,1,0
22,__14AIState_NormalP8Car_tObj,1,1,0
22,___12AIState_Idle,1,1,0
22,___14AIDataRecord_t,1,1,0
22,func_800F0B1C,0,0,0
22,func_800FC850,1,1,0
22,getshapeclut,0,0,0
22,iSNDatolrv,1,0,0
22,iSNDplatformoutputcaps,0,1,0
22,iSPCH_GetFreeBank,0,1,0
22,make64,0,0,0
22,startIntrVSync,1,1,0
23,AIInit_LoadConfigs__Fv,1,1,0
23,AIWorld_CalcLateralVelocity__FP8Car_tObj,1,0,0
23,AIWorld_SplineDistance__FP8Car_tObjiP8coorddef,1,1,0
23,AudioMus_InitDriverGlobals__Fv,0,1,0
23,AudioTrk_StartUp__Fv,1,1,0
23,Audio_CleanUp__Fv,1,1,0
23,Audio_DeInitDriver__Fv,1,1,0
23,BWorld_DeInit__Fv,1,1,0
23,BWorld_Restart__Fv,1,1,0
23,ClearPlatformPrimitivesBuffer__Fv,1,1,0
23,Clock_SystemStartUp__Fv,1,1,0
23,Draw_SetEnvironment__Fiiiiiiii,1,0,0
23,Force_IsForceOn__FP8Car_tObj,0,1,0
23,Input_Gear__Fci,0,1,0
23,Night_InitCopLightColors__Fv,1,1,0
23,Night_InitPlayerHeadLightColor__Fi,1,1,0
23,R3DCar_GetFileName__FPcN20,1,1,0
23,SNDSTRM_getvol,1,1,0
23,SNDSTRM_setgreedylevel,1,1,0
23,SNDSTRM_setgreedystate,1,1,0
23,SPCHNFS_D_C_BKUP_REQUEST_GRANT_REPLY,1,0,0
23,STREAM_isendofstream,1,0,0
23,Weather_BuildWeather__FP13DRender_tView,1,1,0
23,allocmutex,0,1,0
23,closefile,1,1,0
23,delsystemtask,0,1,0
23,func_800F0BF4,0,1,0
23,func_800F0D24,1,0,0
23,func_800FC1F4,0,1,0
23,getblockname,1,0,0
23,iSPCH_ConvertTime,0,1,0
23,randrange,1,1,0
24,AICop_CleanUp__Fv,1,1,0
24,AudioClc_HonkHorn__FP8Car_tObjiii,0,1,0
24,AudioCmn_MusicLevel__Fi,0,0,0
24,BWorld_SetSimSlice__FP12BWorldSm_Pos,0,1,0
24,CreateLiteGroupDataSize__15SerializedGroupP15SerializedGroupP9SimpleMemi,1,0,0
24,Draw_CircleClip__FP8coorddefT0i,0,0,0
24,Draw_SetViewColor__Fiiii,0,1,0
24,FinishArrest__14AIHigh_BTC_CopP15AIHigh_BTC_Perp,1,0,0
24,LoadImage,1,1,0
24,Netwon_CheckForBadQuad__FP13BO_tNewtonObjP12BWorldSm_Posi,0,1,0
24,Nfs2_ResetGame__Fv,1,0,0
24,Object_DeInitCustomObjects__Fv,1,1,0
24,ProcessInput__23tPMenuItemCommandButtonR13tInputKeyTypeR13tPMenuCommand,1,0,0
24,R3DCar_TurnHeadLightOn__FP8Car_tObji,0,0,0
24,SNDSTRM_vol,1,1,0
24,SNDpitchbend,1,1,0
24,SNDvol,1,1,0
24,SPCHNFS_C_D_IN_PURS_LOOK_PERP_REPLY_STS,1,0,0
24,SPCHNFS_C_D_IN_PURS_NEAR_PERP_REP_LOC,1,0,0
24,SPCHNFS_W_D_RDBLK_PLC,1,0,0
24,STREAM_setgreedystate,1,0,0
24,SetDesiredSpeed__19AIHigh_BTC_HumanCop,1,0,0
24,SetDrawMove,0,1,0
24,Souffle_CircleClip__FP8coorddefT0i,0,0,0
24,StClearRing,1,1,0
24,StoreImage,1,1,0
24,Texture_CleanupMenuTexture__Fv,1,1,0
24,Texture_CopyPalette__FPciii,0,1,0
24,Texture_MenuReleaseClutId__Fs,0,1,0
24,TrackSpec_Load__Fii,1,1,0
24,Weather_InitRain__Fv,0,1,0
24,Weather_InitSnow__Fv,0,1,0
24,addexit,0,1,0
24,addtimer,0,1,0
24,func_800D2A44,1,0,0
24,func_800F9C44,1,1,0
24,func_80105E2C,1,1,0
24,iSNDpacketfreeframes,1,1,0
24,locateshape,0,0,0
24,locateshapez,0,0,0
24,setasyncfile,1,1,0
25,AILife_EvaluateLife__FP8Car_tObj,1,0,0
25,AILife_IsCoordInThisVisibleArea__FP8coorddefP8Car_tObj,0,1,0
25,AIPerson_SetPersonalityPointers__Fv,1,1,0
25,AudioMus_RefreshStatus__Fv,1,1,0
25,CalcObjDefPtrs__Fv,0,1,0
25,ClearForNewStage__15AIHigh_BTC_PerpP19AIHigh_BTC_HumanCop,1,0,0
25,CopSpeak_SilenceCop__FP8Car_tObji,1,1,0
25,DashHUD_ResetHUD__Fv,0,1,0
25,Device_SetHardCodedKeys__Fv,0,1,0
25,FREE_find,0,0,0
25,Grant__Q26Speech15DispatchSpeaker,1,1,0
25,Hud_BTC_Update__FPcib,1,1,0
25,MEM_tailsize,1,1,0
25,Nfs2_SystemNLibStartUp__Fv,1,1,0
25,PauseMenu_MenuText__FsbT1,1,0,0
25,Save__11SaveSurfaceP14Trk_NewSimQuad,0,0,0
25,___14AIState_Donuts,1,1,0
25,filesizeatomic,1,0,0
25,fixedxformx,1,1,0
25,fixedxformy,1,1,0
25,fixedxformz,1,1,0
25,func_800F5254,1,0,0
25,func_800FC4E4,0,0,0
25,getfilesize,1,1,0
25,iSNDplatformcdpanvol,1,1,0
25,iSNDtimeremaining,0,1,0
25,iSPCH_ClearCycleBit,1,0,0
25,shapetype,0,1,0
25,xformy,1,1,0
26,AIInit_InitAICar2__FP8Car_tObj,1,0,0
26,AISpeeds_GetScriptFactor__FP8Car_tObj,1,1,0
26,AIWorld_ApxSplineDistance__Fii,0,1,0
26,CarIO_ReleaseCarCluts__FP8Car_tObj,1,1,0
26,Cars_InitStats__FP8Car_tObj,0,0,0
26,Cars_ResetVariablesAfterACollision__FP8Car_tObj,1,0,0
26,ClearPrimitivesBuffer__Fv,1,1,0
26,CopSpeak_RadioStaticSquelch__Fv,1,1,0
26,CreateLiteGroup__15SerializedGroupP15SerializedGroupP9SimpleMem,1,0,0
26,Device_PSXPad__FUl,1,1,0
26,DrawSync,1,1,0
26,Execute__17AIState_Purgatory,0,1,0
26,GetTrigger__24AITrigger_TriggerManageriPi,0,1,0
26,MemCardAccept,1,1,0
26,MemCardExist,1,1,0
26,Render_InitBlurMode__Fv,0,1,0
26,Render_KillTrackRender__Fv,1,0,0
26,SNDSTRM_setpriority,1,1,0
26,SNDcdvol,1,1,0
26,SPCHNFS_D_C_BEGIN_PURS_REP_SPDR,1,0,0
26,SPCHNFS_D_C_SPBLT_CONFIRMED,1,0,0
26,SuperCopSirenOn__Fi,1,1,0
26,TrgSfx_AddEnviroEffect__FiiP8coorddefT2,1,1,0
26,__21AIState_RovingTrafficP8Car_tObjP9trigger_t,1,1,0
26,_padSetActAlign,1,1,0
26,decodeshiftjis,1,0,0
26,func_800FDE88,0,0,0
26,func_80104A48,1,1,0
26,getm,0,0,0
26,iSNDstreamparsenumchunks,1,0,0
26,iSNDvalidbank,0,1,0
26,iSPCH_SampleLength,1,1,0
26,iSPCH_ShortRuleStatus,1,0,0
26,intsin,0,1,0
26,typeofbigfile,1,1,0
27,AISpeeds_GetPrevAICar__FP8Car_tObj,0,1,0
27,AIWorld_ApxSplineDistance__FP8Car_tObji,0,1,0
27,CarIO_StartUp__Fv,1,1,0
27,Cars_FindTotalSlice__FP8Car_tObj,0,1,0
27,CdReset,1,0,0
27,CopSpeak_SfxQueued__Fv,0,1,0
27,CopSpeak_Skip__Fv,1,1,0
27,Font_SwitchFont__FPc,1,1,0
27,Hrz_InitHorizon__Fv,1,1,0
27,HudOn__19AIHigh_BTC_HumanCopP15AIHigh_BTC_PerpiP8Car_tObj,1,1,0
27,Increment__14tPListIterator7tPlayer,1,1,0
27,InitCARD,1,0,0
27,InvalidatePersistentCollideBoomObjects__FP5GroupT0,0,1,0
27,LoadOverlay__Fv,1,1,0
27,Object_KillStatus__Fv,1,1,0
27,Promote__Q26Speech7Speaker,1,0,0
27,RestoreAll__11SaveSurface,0,0,0
27,SPCHNFS_D_C_IN_PURS_AWAY_PERP_CONFIRM,1,0,0
27,SPCHNFS_D_C_IN_PURS_NEAR_PERP_CONFIRM,1,0,0
27,STREAM_setgreedylevel,1,0,0
27,Setup__23AIDataRecord_AccTable_t,1,0,0
27,StartUp1__14AIDataRecord_t,1,1,0
27,StartUp2__14AIDataRecord_t,1,1,0
27,Texture_GetClutId__FiPiT1,0,1,0
27,TrgSfx_AddCarSfx__FiP8coorddefiT1,1,1,0
27,UserFuncExecute,1,1,0
27,__10AnimScripti,1,1,0
27,__14AIState_CruiseP8Car_tObj12cruiseMode_ti,1,1,0
27,func_800FC478,0,0,0
27,func_8010658C,1,1,0
27,iSNDgetchan,0,1,0
27,iSPCH_EACseedrandom,0,1,0
27,iSPCH_FindBank,0,1,0
27,shapedepth,0,0,0
28,AIWorld_ApxSplineDistance__FP8Car_tObjT0,0,1,0
28,AssignToPlayer__14AIHigh_BTC_CopP15AIHigh_BTC_Perp,1,0,0
28,AudioClc_SetHorn__FP8Car_tObji,0,1,0
28,CleanUp1__14AIDataRecord_t,1,1,0
28,CountLocations__6Speech,0,1,0
28,DashHUD_CheckWrongWay__Fi,0,1,0
28,Device_Fail__Fi,1,1,0
28,DrawOTag,1,1,0
28,DrawW_AddSubdividPrimGT3__FP8POLY_GT3P12Draw_SVertexN21P25Draw_tGiveShelbyMoreCache,0,0,0
28,FindObjInstanceFromSerialNum__FP5Groupi,0,1,0
28,GetNextTrigger__24AITrigger_TriggerManageri,0,0,0
28,GetPrevTrigger__24AITrigger_TriggerManageri,0,0,0
28,Input_WingCommandMode__Fi,0,1,0
28,LocateGroupType__15SerializedGroupii,0,0,0
28,Newton_CalculateSliceYaw__Fi,1,1,0
28,ReleaseAndStartChase__19AIHigh_BTC_HumanCopP15AIHigh_BTC_Perp,1,1,0
28,SNDSYS_service,1,1,0
28,Sched_CreateNewSchedule__FPci,1,0,0
28,SetFogNear,1,1,0
28,Sfx_BuildFastDisolveFacet__FP17Souffle_tISouffleP10sfxsouffleP12Draw_tPixMapT2,0,0,0
28,StartArrest__14AIHigh_BTC_CopP15AIHigh_BTC_Perp,1,0,0
28,_err_math,1,1,0
28,_mainasu,1,0,0
28,_patch_card2,1,1,0
28,cancelasyncload,1,0,0
28,freeVoiceChannel__Fi,1,1,0
28,iSNDdmcomplete,1,1,0
28,iSPCH_FindEvent,1,1,0
28,initmemadr,1,1,0
28,memmove,0,0,0
28,padinit,1,1,0
28,seedrandom,0,1,0
29,AIInit_StartUp1__Fv,1,1,0
29,AIPhysic_HandleSignalling__FP8Car_tObj,0,1,0
29,AIWorld_CheckForBarrierBetweenLanes__Fiii,0,1,0
29,CD_Getinfo,1,1,0
29,Cars_SetCarUpForHiRezSim__FP8Car_tObj,1,0,0
29,Force_Disable__Fv,1,1,0
29,Night_GenerateNextLightningEvent__Fv,1,1,0
29,SPCHNFS_C_C_PERP_REAQUIRED,1,0,0
29,SPCHNFS_C_D_IN_PURS_AWAY_PERP_REPLY_STS,1,0,0
29,SPCHNFS_C_D_PERP_CRASH_ROLL,1,0,0
29,SPCHNFS_C_D_REQUEST_BKUP,1,0,0
29,Sched_Execute__FP15Sched_tSchedule,1,0,0
29,SetCautionSurface__FP8coorddefP12BWorldSm_Pos,1,1,0
29,Skidmark_InitSkidmark__Fv,1,1,0
29,Weather_ChangeDensityState__Fv,1,1,0
29,___11AIHigh_Base,1,1,0
29,___15AIState_Offroad,1,1,0
29,___21AIState_RovingTraffic,1,1,0
29,bigcount,1,0,0
29,func_800F51C0,1,0,0
29,func_800F9984,1,0,0
29,iSPCH_GetRuleID,1,0,0
29,iSPCH_InitEventQueue,0,1,0
29,iSPCH_SentenceLength,1,1,0
29,quickSirenOn__Fi,1,1,0
29,stricmp,0,0,0
30,AIInit_ClearAICar__FP8Car_tObj,1,0,0
30,AIInit_IsNonStandardCarFile__Fi,0,1,0
30,Anim_GetLastRotPos__FP15Trk_AnimateInstP8coorddefP10matrixtdef,1,0,0
30,AudioEng_LoadDef__FPcT0illPP13AudioEng_tDef,1,0,0
30,AudioMus_SysCleanUp__Fv,1,1,0
30,CarIO_CleanUpLicense__Fi,1,1,0
30,Cars_Randomize__Fv,0,1,0
30,FILE_addbigsync,1,0,0
30,FILE_opensync,1,0,0
30,LocateCreateGroupType__15SerializedGroupiP9SimpleMemi,1,0,0
30,PauseMenu_MenuTextPositioned__Fssss,1,0,0
30,PointDirection__FP8coorddefN20,1,0,0
30,R3DCar_Restart__Fv,0,1,0
30,SNDfxinitbus,1,1,0
30,SNDstopall,1,1,0
30,SPCHNFS_W_D_SPBLT_PLC,1,0,0
30,SetTuningLevers__10AIHigh_Cop,0,1,0
30,Texture_AddSharedPalette__FPcP12Draw_tPixMapi,0,1,0
30,Texture_GetTranslucencyMode__FP8shapetbl,0,0,0
30,UnleashIfInRange__15AIState_OffroadP8Car_tObj,1,1,0
30,Weather_ChangeIntensityState__Fv,1,1,0
30,func_80092464,1,1,0
30,func_800F2DF8,1,1,0
30,func_800FC400,0,1,0
30,scalematrix,1,0,0
30,sizeofbigfileheader,1,0,0
30,stopreadfile,1,1,0
31,AIPhysic_ProcessCollision__FP8Car_tObj,1,1,0
31,AISpeeds_SetTrafficSpeedRandomFactor__FP8Car_tObj,0,1,0
31,AudioMus_DriverCleanUp__Fv,1,1,0
31,AudioMus_Fail__Fi,1,1,0
31,Cars_QDUpdateVelGlue__FP8Car_tObj,0,0,0
31,CopSpeak_InitVars__Fv,1,1,0
31,DecDCTin,1,1,0
31,Draw_InitViewOTInGame__Fv,1,1,0
31,Night_SetWeatherColors__Fi,1,1,0
31,Render_StartRenderingWorldView__Fi,1,1,0
31,SPCHNFS_C_D_IN_PURS_LOOK_PERP_REPLY_LOC,1,0,0
31,SPCHNFS_C_D_IN_PURS_NEAR_PERP_REP_STS,1,0,0
31,TestForRelease__17AIState_Purgatory,0,1,0
31,Texture_InitPaletteSharing__Fv,1,1,0
31,UserFuncOpen,1,1,0
31,Weather_Restart__Fv,1,1,0
31,func_800E8940,1,0,0
31,iSNDpsxmemconstrain,0,1,0
31,iSNDremovepatches,1,0,0
31,stup1,1,1,0
31,writefile,1,1,0
32,AIInit_DeInitAICar__FP8Car_tObj,1,0,0
32,Anim_FreeHandle__Fi,1,1,0
32,CdPosToInt,0,0,0
32,DrawW_kCtrlWorld_High__FP25Draw_tGiveShelbyMoreCache,1,0,0
32,FILE_callbackop,1,1,0
32,Night_SetCopLightColors__Fii,1,1,0
32,SNDsetlimits,0,1,0
32,SetDrawArea,1,0,0
32,Sim_FadeInSFX__Fv,0,1,0
32,Skidmark_Stretch__FP16Skidmark_SegmentiP5tSkidP8coorddefP7CVECTORii,1,1,0
32,StUnSetRing,1,1,0
32,TrsProj_SetProjection__Fiiii,1,1,0
32,_ExitCard,1,1,0
32,fixedsin,1,0,0
32,func_800E5830,1,1,0
32,func_800EE9E4,0,1,0
32,iSNDdmservice,1,1,0
32,iSNDresolveheader,0,0,0
33,AILife_IsPositionInAnyVisibleArea__FP8coorddef,1,1,0
33,AILife_IsTrafficCarInAnyLiveArea__FP8Car_tObj,1,1,0
33,Anim_Handle__Fi,1,1,0
33,AudioCmn_LoadBank__FPci,1,1,0
33,AudioMus_Threshold__Fv,0,1,0
33,CdRead2,1,1,0
33,DrawW_GetAnimationTime__FP15Trk_AnimateInst,0,1,0
33,Draw_InitViewOT__Fv,1,1,0
33,FILE_init,1,1,0
33,Night_InitWeatherTables__Fv,1,1,0
33,Night_PauseLightningEffect__Fi,0,1,0
33,Object_InitCustomObjects__Fv,1,1,0
33,Physics_SimCar__FP8Car_tObj,1,0,0
33,SPCH_AddBank,1,1,0
33,SPCH_GetSampleDataRate,0,1,0
33,TextSys_LoadWordsGeneric__FiPc,1,1,0
33,Weather_SetIdentMatrix__Fv,0,0,0
33,__23AIDataRecord_AccTable_tPci26AIDataRecord_WhichRecord_t,1,1,0
33,_padSendAtLoadInfo,1,0,0
33,fixedcos,1,0,0
33,func_800F5530,1,1,0
33,func_800F8E44,1,1,0
33,func_800FC170,1,1,0
33,iSNDleaveaudio,1,1,0
33,iSPCH_BankMemAlloc,1,1,0
33,shapetoclutid,1,0,0
34,AIScript_SubmitPlayerAction__FP10AIScript_ti20AIScript_tPlayActioni,1,0,0
34,AIWorld_CalculateDeltaRoadYaw__FP8Car_tObj,1,1,0
34,AI_AvoidSpikeBelt__FP8Car_tObj,1,1,0
34,AI_CalcBestLineMerits__FP8Car_tObj,1,1,0
34,Anim_Restart__Fv,1,1,0
34,AudioClc_CalcDistance__FP17DRender_tCalcViewP8coorddef,0,0,0
34,AudioCmn_PlayFESFXVol__Fii,1,1,0
34,AudioCmn_RemoveAsyncSfx__Fi,1,1,0
34,AudioMus_BuildPlayList__FiPi,0,1,0
34,AudioMus_SetEntry__FP19AudioMus_tSongEntry,0,0,0
34,BworldSm_UpdateSimQuad__FP12BWorldSm_Pos,0,1,0
34,Camera_Kill__Fv,1,1,0
34,Camera_LookBack__FP10matrixtdefT0,0,0,0
34,DrawW_CalcSubdivision__FP25Draw_tGiveShelbyMoreCacheP12Draw_SVertexN31,0,0,0
34,Draw_DeInitViews__Fv,1,1,0
34,FastRandom_StartUp__FUi,0,1,0
34,Hrz_SetDitheringPrim__Fii,1,1,0
34,InitGeom,1,1,0
34,Night_RestartNightDriving__Fv,1,1,0
34,SNDSTRM_autovol,1,1,0
34,SNDstop,1,1,0
34,SPCHNFS_C_D_PERP_CRASH_GEN,1,0,0
34,SPCHNFS_C_D_PERP_LOST,1,0,0
34,StateExecute__12AIState_Base,1,1,0
34,TrsProj_TransPtN16__FP10RelCoord16P8coorddefi,0,0,1
34,__15AIHigh_BasicCopP8Car_tObji,1,1,0
34,__17AIHigh_BTC_AIPerpP8Car_tObj,1,1,0
34,___13AIState_Chase,1,1,0
34,iSNDgetdata,0,1,0
34,iSNDstreamgetrequestptr,1,0,0
34,iSPCH_SearchEventDat,1,0,0
35,AIHigh_CleanUp__Fv,1,1,0
35,AISpeeds_RandomizeTrafficSpeed__FP8Car_tObji,0,1,0
35,AI_ChooseBestLane__FP8Car_tObj,0,1,0
35,AssignToPlayer__10AIHigh_CopP13AIHigh_Player,1,0,0
35,AudioCmn_UnPause__Fv,1,1,0
35,CalculateCloseTargettingAheadSlowDownFactor__13AIState_Chase,0,1,0
35,Camera_SetAboveGround__FiP8coorddef,1,1,0
35,DrawW_AddSubdividPrimGT4__FP8POLY_GT4P12Draw_SVertexN31P25Draw_tGiveShelbyMoreCache,0,0,0
35,Font_Getcharacter__Fi,1,1,0
35,Hud_FBuildGT4__FP13HudPmx_tShapeiiUl,1,1,0
35,Increment__21tPListIteratorIndexed7tPlayer,1,1,0
35,Input_Store__Fv,1,1,0
35,MemCardFormat,1,1,0
35,Newton_UpdateRoadInfo__FP13BO_tNewtonObj,1,0,0
35,ProcessInput__25tPMenuItemLeftRightChoiceR13tInputKeyTypeR13tPMenuCommand,1,0,0
35,Replay_SaveReplay__Fv,0,1,0
35,SPCHNFS_C_D_IN_PURS_AWAY_PERP_REPLY_LOC,1,0,0
35,SPCHNFS_C_D_PERP_SIGHTED,1,0,0
35,TrsProj_TransPt__FP8coorddefT0,0,0,1
35,Upgrade__30AIDataRecord_CurveSpeedTable_ti,1,0,0
35,data_ready_callback,1,1,0
35,func_800F8C78,1,1,0
35,func_800FC374,1,0,0
35,func_8010C288,1,1,0
35,getcharacter,1,1,0
35,iSPCH_SampleExists,1,0,0
36,CdInit,1,1,0
36,ClearImage,1,1,0
36,CopSpeak_Free__FP17CopSpeak_tRequest,0,1,0
36,Draw_CheckFirstFrameRender__Fv,1,1,0
36,FILE_size,1,1,0
36,Hud_FBuildFT4__FP13HudPmx_tShapeiiUl,1,1,0
36,Hud_GoTpage__Fi,1,1,0
36,Math_Dist3D__FP8coorddefT0,0,0,0
36,Replay_Decompress__FPc,0,1,0
36,Scene_LoadSceneFile__Fi,1,1,0
36,StSetStream,1,1,0
36,__30AIDataRecord_CurveSpeedTable_tPc26AIDataRecord_WhichRecord_t,1,1,0
36,_padClrIntSio0,1,1,0
36,func_800F1120,1,1,0
36,func_800F8BE8,1,1,0
36,iSNDfindfreekey,0,1,0
37,AIPhysic_HandleWipeoutTimer__FP8Car_tObj,0,1,0
37,AIWorld_ZSplineDistance__FP8Car_tObjT0,1,0,0
37,AIWorld_ZSplineDistance__FP8coorddefT0P10matrixtdef,1,0,0
37,CopSpeak_CleanUp__Fv,1,1,0
37,Distance__Q26Speech12LocationBanki,0,1,0
37,FREE_add,0,0,0
37,Fog_FindKey__FiP6FogKey,1,1,0
37,Hud_FBuildSprite__FiiiUli,1,1,0
37,Night_SetCopColor__FP18GameSetup_tCarData,0,1,0
37,R3DCar_GetCarName__FPcii,1,1,0
37,SNDbankadd,1,1,0
37,SPCHNFS_C_D_ENGAGE_PURS_REP_SPDR_REPLY,1,0,0
37,TrgSfx_AddCarExtraSfx__FiiP8coorddefiT2iii,1,1,0
37,Weather_DeInit__Fv,1,1,0
37,__23AIDataRecord_BestLine_t26AIDataRecord_WhichRecord_t,1,1,0
37,_patch_card,1,1,0
37,func_800F8D04,1,1,0
37,func_800F8D98,1,1,0
37,iSNDlibatodlrv,1,1,0
37,iSNDsin,0,1,0
37,textnpixels,1,1,0
38,Anim_GetLastAnimPosRot__FiiP8coorddefP10matrixtdef,1,1,0
38,AudioTrk_CleanUp__Fv,1,1,0
38,CopSpeak_Alloc__FP17CopSpeak_tRequest,0,1,0
38,Newton_LimitAngularVelocity__FP13BO_tNewtonObj,0,1,0
38,SetDispMask,1,1,0
38,__25AIDataRecord_TrackCurve_t26AIDataRecord_WhichRecord_t,1,1,0
38,_padSetMainMode,1,1,0
38,func_800EE898,0,1,0
38,func_800EE930,0,1,0
38,func_800F0C50,1,1,0
38,func_800F2494,1,1,0
38,getasyncreadadr,1,1,0
38,getasyncreadstatus,1,1,0
38,initfileio,1,1,0
39,AISpeeds_SuperDuperSpeedUpTheCarsAtTheStartBecauseWeCannotActuallyHandleRenderingTheseCars__FP8Car_tObj,0,1,0
39,AI_TrafficStartUp__Fv,1,1,0
39,Activate__Q26Speech15DispatchSpeakeri,1,1,0
39,BWorldSm_FindClosestSlice__FP8coorddefP12BWorldSm_Pos,1,1,0
39,BWorldSm_FindClosestTriangleRez__FP8coorddefP12BWorldSm_Posi,1,0,0
39,CarIO_LicenseCheck__FiPiT1P8Car_tObji,0,1,0
39,Cars_CalcVelDownRoad__FP8Car_tObj,0,0,0
39,CheckForNeedyPlayers__10AIHigh_Cop,0,1,0
39,DrawW_WorldSetUpMatrix__FP10matrixtdefP6MATRIX,0,0,0
39,Flare_Tri__FPlN20i,0,1,0
39,GetCheckChasePosition__14AIHigh_BTC_CopP8coorddef,1,1,0
39,GetFirstStmQuadPts__FP12BWorldSm_PosP8CCOORD16,1,0,0
39,Physics_ResetCar__FP8Car_tObj,0,0,0
39,PickVoice__6SpeechP8Car_tObj,0,1,0
39,SNDgetvol,1,1,0
39,SPCH_Init,1,1,0
39,SetRCnt,0,1,0
39,__10AnimScriptii,1,1,0
39,func_800FC548,0,0,0
39,iSNDmulu64,0,0,0
40,AILife_IsSliceCloseToAnyCopCar__Fi,1,1,0
40,AILife_IsSliceInAnyVisibleArea__Fi,1,1,0
40,Camera_GetMode__Fi,0,1,0
40,CheckForControlsPressed__15AIHigh_BTC_Perp,0,1,0
40,CopSpeak_Cancel__Fv,1,1,0
40,Decrement__14tPListIterator7tPlayer,1,1,0
40,DrawW_DoObjectAnimations__Fv,1,1,0
40,Draw_StartFrameRender__Fv,1,1,0
40,Hud_InitMap__Fv,0,1,0
40,Night_KillNightDriving__Fv,1,1,0
40,Night_NightCopCalc__FP6VECTORPs,0,1,0
40,ReduceObjectPrecision__FP5GroupT0i,0,1,0
40,SPCHNFS_C_D_ENGAGE_PURS_REP_SPDR,1,0,0
40,Scene_BuildCustomSceneList__Fv,1,1,0
40,SimQueue_Reset__Fv,0,1,0
40,Skidmark_OnyxBuildFacets__FP13DRender_tView,1,1,0
40,chkRC2wait,0,1,0
40,func_800CB6A0,1,0,0
40,func_800EFC70,0,1,0
40,func_800F2D58,1,1,0
40,func_800F4470,1,0,0
40,iSNDplatformfxlevel,1,1,0
40,iSPCH_PlayChosen,1,1,0
40,readfile,1,1,0
40,readfile_systask,1,1,0
41,AISpeeds_CalcDesiredSpeed__FP8Car_tObj,1,0,0
41,AISpeeds_NeedToSlowDownForCurve__FP8Car_tObjiii,0,0,0
41,BuildObjCollisionMatrix__FiiiP10matrixtdef,1,1,0
41,CalculateTimeTillContact__17AIHigh_BTC_AIPerp,1,1,0
41,CopSpeak_GenericBankRequest__FiP8Car_tObj,1,1,0
41,Draw_InitRenderEngine__Fiiiiii,1,1,0
41,FindAbsClosestSliceCrude__FP8coorddefP12BWorldSm_Pos,1,1,0
41,FindMobile__6SpeechP8Car_tObj,1,1,0
41,Flare_QuadNotTransparent__FPlP7CVECTORi,0,1,0
41,Flare_Quad__FPlP7CVECTORi,0,1,0
41,Flare_SingleColorTex__FP7DVECTORP7CVECTORiici,1,0,0
41,Hud_BuildF4__FP7POLY_F4iiiiiUl,1,0,0
41,Input_Interface__FUli,0,1,0
41,Render_RenderWorld__FP13DRender_tView,1,1,0
41,Sim_CleanUp__Fv,1,1,0
41,func_800F9644,1,1,0
41,iSNDplatformpacketplaycreate,1,1,0
42,AICop_NoCopsInArea__Fii,1,1,0
42,AISpeeds_CalculateOncomingCarSpeed__FP8Car_tObj,0,1,0
42,CarIO_CopyToShape__FPsT0i,0,0,0
42,Device_VerifyType__Fi,1,1,0
42,GetPlaneY__FPC8coorddefN20,1,0,0
42,SirenOn__Fii,1,1,0
42,func_801058D8,1,0,0
42,iSNDstreamparsechunk,1,1,0
42,rdiv,0,1,0
43,AICop_StartUp__Fv,1,1,0
43,AILife_IsCoordInThisLiveArea__FP8coorddefP8Car_tObj,1,1,0
43,AudioClc_SoundOpponentHorn__Fiiii,1,1,0
43,AudioCmn_UpdateThunder__Fv,1,1,0
43,BWorld_InitSpikeBelt__Fv,0,1,0
43,CD_Restart,1,1,0
43,ClearOTagR,1,1,0
43,Clock_MasterInterruptHandler__Fv,1,1,0
43,CopSpeak_DirectRequest__FillP8Car_tObjPc,1,1,0
43,DoProvokedAttack__15AIHigh_Opponent,0,1,0
43,FarTargeting__13AIState_Chase,1,1,0
43,Flare_2DSpike__FPlT0i,0,1,0
43,Flare_SetMatrix__FP10matrixtdef,0,0,0
43,Hud_BuildGT4__FP8POLY_GT4P13HudPmx_tShapeiiUl,0,1,0
43,Hud_BuildSprite__FP4SPRTiiiUli,1,1,0
43,Math_NormalizeShortVector__FP8coorddef,1,1,0
43,RPause_StopPauseMenu__Fv,1,1,0
43,ReActivate__Q26Speech13MobileSpeaker,1,1,0
43,Ready__Q26Speech15DispatchSpeakerP8Car_tObj,1,0,0
43,Sim_CheckForPause__Fi,1,1,0
43,Texture_ProcessPaletteCopy__FP15Texture_pal8bitii,1,0,0
43,TrgSfx_CrashCar__FP8coorddef,1,1,0
43,__11AIHigh_BaseP8Car_tObj,1,1,0
43,_patch_gte,1,1,0
43,cSNDplay,1,1,0
43,func_80106878,0,1,0
43,iSNDremovetaggedpatch,1,0,0
43,iSNDserverremove100hzclient,0,1,0
43,iSNDserverremoveclient,0,1,0
43,iSPCH_SentenceMakeChoice,1,1,0
43,tmrint,1,1,0
43,transpose,0,0,0
44,AILife_ReencarnateTraffic__FP8Car_tObj,1,1,0
44,AIPhysic_HitWallCheck__FP8Car_tObj,0,1,0
44,AudioEng_Pause__Fv,0,1,0
44,AudioMus_QueueRequestedSong__Fv,1,1,0
44,Camera_ResetRelPos__Fi,0,1,0
44,GetCheckChasePosition__10AIHigh_CopP8coorddef,1,1,0
44,Quatern_VecInterpolate__FP8coorddefT0iT0,1,0,0
44,StFreeRing,0,1,0
44,TrgSfx_AddCarWheelSfx__FiiP8coorddefiT2i,1,1,0
44,_add_mant_d,0,1,0
44,func_800ED240,0,1,0
44,iSPCH_IterateChoice,1,1,0
45,AIPhysic_CoolPhysics__FP8Car_tObj,1,0,0
45,AudioCmn_TrafficSkidSFX__Fi6s_typeT1iii,1,1,0
45,Camera_PitchAndRoll__Fi,1,1,0
45,CheckCarBank__6SpeechPQ26Speech7CarBankPciPQ26Speech11CarBankName,1,0,0
45,Flare_QuadRing__FPlP7CVECTORi,0,1,0
45,Fog_AddKey__Fii,1,1,0
45,Hrz_GetHorizonPixMap__FP12Draw_tPixMap,1,1,0
45,Hud_WingmanFlash__Fii,1,1,0
45,MemCardUnformat,1,1,0
45,PauseMenu_FullText__FPcsss,1,1,0
45,ProcessInput__24tPMenuItemGoToMenuButtonR13tInputKeyTypeR13tPMenuCommand,1,0,0
45,SNDtimeremaining,1,1,0
45,STREAM_destroy,1,0,0
45,Sched_AddFunction__FP15Sched_tSchedulePFPv_vPvi,0,0,0
45,SetDefDrawEnv,1,0,0
45,TrgSfx_AddCarSplash__FiiP8coorddefiT2ii,1,1,0
45,___14ObjectSignAnim,1,1,0
45,___15ObjectMultiAnim,1,1,0
45,___6Speech,1,0,0
45,_card_stop,1,1,0
45,addsystemtask,0,1,0
45,asyncloadfileatcallback,1,1,0
45,iFILE_CommandCompleteCallback,1,1,0
45,iSPCH_ChooseShortSentence,1,1,0
45,unpackz,1,0,0
46,AIPhysic_ChangeDirection__FP8Car_tObji,0,1,0
46,AIWorld_IsDriveableLaneInSliceRange__Fiiii,0,1,0
46,AudioCmn_Pause__Fv,1,1,0
46,BWorld_OpenContext__Fii,0,1,0
46,Cars_FindCurrentLap__FP8Car_tObj,0,1,0
46,Draw_StartRenderingView__Fi,0,1,0
46,Flare_Moon__FP7SVECTORP15Draw_FlareCache,1,1,1
46,LoadShapesAndMakePmx_EnvMap__FPcP12Draw_tPixMapii,1,0,0
46,MemCardReadData,1,1,0
46,MemCardWriteData,1,1,0
46,MoveImage,1,1,0
46,NotifyCopsOfArrestComplete__15AIHigh_BTC_Perp,1,1,0
46,NotifyCopsOfArrest__15AIHigh_BTC_Perp,1,1,0
46,NotifyCopsOfFalseArrest__15AIHigh_BTC_Perp,1,1,0
46,NotifyHumanCopsOfArrestHud__15AIHigh_BTC_Perp,1,1,0
46,R3DCcar_ReadeMapData__Fv,1,1,0
46,Render_InitTrackRender__Fv,1,1,0
46,SNDfxmasterlevel,1,1,0
46,SetStrip__FP12BWorldSm_Pos,0,1,0
46,UpdateContext__FP13DRender_tViewi,1,1,0
46,asyncloadfilecallback,1,1,0
46,crossproduct,1,0,0
46,fixedsincos,1,0,0
46,iFILE_addbigopencallback,1,1,0
46,iSNDpsxfree,0,1,0
46,iSNDresettimbre,0,1,0
47,AISpeeds_GetUpgradeAccMult__Fi,1,1,0
47,AISpeeds_GetUpgradeBrakeMult__Fi,1,1,0
47,AISpeeds_GetUpgradeHandlingMult__Fi,1,1,0
47,AISpeeds_GetUpgradeTopSpeedMult__Fi,1,1,0
47,AudioCmn_PlayerHornOff__Fi,1,1,0
47,AudioMus_GetCurrentSong__Fv,0,1,0
47,ChooseLoopedSample__F6s_typeT0,0,0,0
47,Execute__12AIState_Idle,1,1,0
47,FILE_completeop,1,1,0
47,GetAnimFrameInfo__10AnimScriptPiT1,0,1,0
47,Hud_BuildG4__FP7POLY_G4iiiiiUlUlUlUl,1,0,0
47,NormalCache_AddEntry__FP12BWorldSm_Pos,0,1,0
47,SNDSYS_getopts,1,1,0
47,Sfx_Add__FP17Souffle_tISouffle,1,1,0
47,SirenOff__Fi,1,1,0
47,func_800FDFF4,0,0,0
47,iSNDdetunetolinear,0,1,0
47,loadshapeadr,1,1,0
48,AudioMus_AutoVolume__Fii,1,1,0
48,DrawC_PrimStop__FP8Car_tObjP13Draw_CarCache,0,1,0
48,FILE_close,1,1,0
48,FILE_open,1,1,0
48,FREE_findlargest,0,0,0
48,Hud_BuildSpriteFromFont__FP4SPRTcii,1,1,0
48,Hud_FBuildF4__FiiiiiUlcc,1,1,0
48,PCread,1,0,0
48,PCwrite,1,0,0
48,PadGetState,1,1,0
48,PutDrawEnv,1,1,0
48,RPause_CopyBackToFrontBuffer__Fv,1,1,0
48,SimQueue_SetCurrentInput__Fi,0,1,0
48,StGetNext,0,1,0
48,__fixsfsi,1,1,0
48,__floatsisf,0,1,0
48,_dbl_shift,0,1,0
48,_dbl_shift_us,0,1,0
48,bsearch,1,0,0
48,func_800EA7E8,1,1,0
48,func_800F1B3C,0,1,1
48,func_8010C1C8,1,1,0
48,intarcsin,0,1,0
49,AIPhysic_StopCar__FP8Car_tObjii,0,0,0
49,AIWorld_CalculateLaneInfo__FP8Car_tObj,1,0,0
49,AI_DoReactionsAndBehavior__FP8Car_tObj,1,1,0
49,Hud_BTC_QuitOut__Fv,1,1,0
49,Hud_BuildF3__FP7POLY_F3P13HudPmx_tShapeiiUl,1,0,0
49,Input_StartUp__Fv,1,1,0
49,Math_ResolveRotatedVector__FiiiPiT3,1,0,0
49,Newton_CheckForSpikeBelts__FP13BO_tNewtonObj,0,1,0
49,NormalCache_FindEntry__FP12BWorldSm_Pos,0,1,0
49,ReleaseCops__15AIHigh_BTC_Perp,1,1,0
49,Replay_Compress__FPc,0,1,0
49,SND3dpos,1,1,0
49,Weather_SetMatrix__FP10matrixtdef,0,0,0
49,Weather_TransformVertex__FP10matrixtdefiP7SVECTOR,1,0,1
49,func_800F0E54,1,1,0
49,iSNDplatformpitch,0,1,0
49,iSNDunsafevol,1,1,0
50,AIInit_CleanUp2__Fv,1,1,0
50,AIPerson_SetPersonality__FP8Car_tObji,1,1,0
50,AISpeeds_CalcCopTopSpeed__FP8Car_tObj,1,1,0
50,AIWorld_LaneIndex__Fii,1,1,0
50,AudioClc_ResetClosest__FiP8Car_tObji,1,1,0
50,Cars_CheckForAccidentScenes__Fv,1,1,0
50,Cars_SetAudioCalls__FP8Car_tObjiiiiii,0,0,0
50,CheckSpikeBelt__15AIHigh_BasicCop,1,1,0
50,Font_GetUVWH__FcPiN41,1,1,0
50,Night_FindClosestColor__FG7CVECTORPi,0,1,0
50,SNDSTRM_destroy,1,1,0
50,SetCar__Q26Speech11CarBankNamei,1,1,0
50,Udff_Opena__FPcT0i,1,1,0
50,crc16,0,1,0
50,func_80105060,1,1,0
50,func_80105C78,0,0,0
50,iSNDstreamnotifycallback,1,1,0
50,iSPCH_SentenceUsesParm,1,0,0
50,purgememadr,1,1,0
50,unpacksizez,1,0,0
51,CalcObjExtentPoints__FP8coorddefP8CCOORD16T0P5tQuat,1,0,0
51,Decrement__21tPListIteratorIndexed7tPlayer,1,1,0
51,Force_StartUp__Fv,1,1,0
51,Sched_DeleteFunction__FP15Sched_tSchedulePFPv_vPv,0,0,0
51,Sim_Restart__Fv,1,1,0
51,Weather_InitStateControls__Fv,0,1,0
51,__10AnimScriptP5Groupiii,1,1,0
51,_padStartCom,1,1,0
51,scaleFrequency__Fiii,0,1,0
52,AIPhysic_RevEngine__FP8Car_tObj,0,1,0
52,AudioMus_BuildPattern__FPc,1,1,0
52,CheckForClosestTriggerOfType__24AITrigger_TriggerManageri11triggerTypei,0,0,0
52,Object_ClearCustomObjects__Fv,1,1,0
52,R3DCar_StartUp__Fv,1,1,0
52,ccos,1,0,0
52,func_80108B24,1,1,0
52,random,0,1,0
53,AudioClc_CalcCarDirection__FP17DRender_tCalcViewP8Car_tObj,0,0,0
53,AudioMus_StopSong__Fi,1,1,0
53,CD_flush,0,1,0
53,CheckForCops__14AIHigh_TrafficPi,1,1,0
53,Execute__14AIState_Cruise,1,0,0
53,Flare_PreCalcHexLightBeam__FPli,0,1,1
53,GetSimObj__FiP18Object_tSimObjListPi,0,1,0
53,Hud_BuildF4o__FP7POLY_F4iiiiiUlScSc,1,0,0
53,Newton_CopyRoadMatrixToOrientMat__FP13BO_tNewtonObji,0,0,0
53,Newton_CopyRoadMatrixToShadowMat__FP13BO_tNewtonObji,0,0,0
53,PadInfoAct,1,1,0
53,SNDmastervol,1,1,0
53,Track_DeInit__Fv,1,1,0
53,_padLoadActInfo,1,1,0
53,func_800F0D80,1,1,0
53,iSNDpsxpacketstop,1,1,0
53,iSNDresolvetaggedpatch,1,0,0
54,AIInit_StartUp2__Fv,1,1,0
54,AIPhysic_CheckForBadPosition__FP8Car_tObj,1,1,0
54,AudioCmn_DeInit__Fv,1,1,0
54,DrawW_DivVertice__FP12Draw_SVertexN20,0,0,0
54,FindClosestLocationTo__6SpeechPQ26Speech12LocationBanki,1,0,0
54,Flare_SingleColorOct__FP7DVECTORP7CVECTORiii,1,1,0
54,Physics_StopCar__FP8Car_tObj,0,0,0
54,Platform_SysStartUp__Fv,1,1,0
54,SNDSTRM_purge,1,1,0
54,TextureProcess_DepthColorCluts__FPci,1,1,0
54,TrgSfx_InitTrgSfx__Fv,0,1,0
54,Weather_ChangeDensityBasedOnTime__Fv,1,1,0
54,_get_card_event,1,1,0
54,_get_card_event_x,1,1,0
54,func_800F2968,1,1,0
54,func_80108680,1,1,0
54,func_8010C0F0,1,1,0
54,iSNDdmqueuesplit,1,1,0
54,iSNDunsafebend,1,1,0
55,AIPerson_LoadScriptData__FP10Udff_tInfo,1,1,0
55,AIWorld_CalcRoadBend__FP8Car_tObji,0,1,0
55,Device_PSXPadMulti__FUl,1,1,0
55,Flare_TextureQuad__FPlP7CVECTORci,0,1,0
55,Font_Blit__FiiPviiP12charactertbli,1,1,0
55,Hrz_LightningFlicker__Fi,1,1,0
55,Init__24AITrigger_TriggerManagerPc,1,1,0
55,Newton_CalcPerpenHeightOfCenterPointFromGround__FP13BO_tNewtonObjP8coorddefT1,1,0,0
55,SNDPKTPLAY_stop,1,1,0
55,Skidmark_EndStretch__FP16Skidmark_SegmentiP5tSkidP8coorddefP7CVECTORii,1,1,0
55,_dirFailAuto,1,1,0
55,initmemblock,1,1,0
56,AudioEng_CleanUp__Fv,1,1,0
56,AudioTrk_Reset__Fv,1,1,0
56,Audio_InitDriver__Fii,1,1,0
56,Device_Update__Fv,1,1,0
56,HrzSetPsxMatrix__FP10matrixtdef,0,0,0
56,OptionsBarThing__Fiiii,1,0,0
56,Risk_ReadNextValue__FPPc,1,0,0
56,SetTarget__13AIState_ChaseP8Car_tObjP8coorddef,1,0,0
56,TrsProj_TransformProjectVertex__FP10matrixtdefP8coorddefiT1P12Draw_tVertex,1,0,0
56,__gtdf2,0,1,0
56,__ltdf2,0,1,0
56,func_800EEA7C,1,1,0
56,iSNDpacketsetirq,1,1,0
56,iSPCH_RandomizeSentencePicks,1,1,0
57,Camera_UpdateSimpleCam__Fi,1,1,0
57,Draw_StopFrameRender__Fv,1,1,0
57,FILE_read,1,1,0
57,Fog_InitFogTriggers__Fv,1,1,0
57,MPause_ControllerLogic__Fv,1,1,0
57,Newton_QDUpdateVel__FP13BO_tNewtonObj,1,1,0
57,Night_NightCalc__FP6VECTORPsP25Draw_tGiveShelbyMoreCache,0,1,0
57,R3DCar_PostStartUp__Fv,1,1,0
57,SNDSYS_restore,1,1,0
58,AIPhysic_HandleDirection__FP8Car_tObj,0,1,0
58,AudioCmn_RemoveOldestAsyncSfx__Fi,1,1,0
58,AudioCmn_UnPauseAndQuit__Fv,1,1,0
58,Cars_Restart__Fv,1,1,0
58,DrawW_StripDraw_High__FP25Draw_tGiveShelbyMoreCache,1,0,0
58,R3DCar_ChangeTrafficColor__FP8Car_tObji,1,1,0
58,R3DCcar_ReadTrackShadow__Fv,1,1,0
58,SNDpitchmult,1,1,0
58,SetNewTargetCar__10AIDelayCarP8Car_tObj,1,0,0
59,AI_IsMellowZone__FP8Car_tObji,1,1,0
59,Activate__Q26Speech13MobileSpeakerP8Car_tObj,1,1,0
59,CD_getsector2,0,1,0
59,CheckConditionWithCop0__19AIHigh_BTC_HumanCop,1,1,0
59,Render_CreatePlayerViews__Fv,1,1,0
59,Report__Q26Speech13MobileSpeakerP8Car_tObj,1,1,0
59,Souffle_InsertFacet__FP13DRender_tView,1,1,0
59,_mul_mant_d,1,0,0
59,initlinkmode,1,1,0
59,systemtask,1,1,0
60,CD_initvol,0,1,0
60,Draw__6tPMenu,1,1,0
60,Hud_BuildFT4__FP8POLY_FT4P13HudPmx_tShapeiiUli,1,0,0
60,STREAM_setfilter,1,0,0
60,TrsProj_SetPsxMatrix__FP10matrixtdefP8coorddef,1,0,0
60,func_800F8AF8,1,1,0
60,iSNDcalcvol,0,1,0
60,iSNDplatformremove,1,0,0
61,AISpeeds_LimitGlueMultiplier__FP8Car_tObji,1,1,0
61,Collide_LimitAngularVel__FP13BO_tNewtonObj,0,1,0
61,Deny__Q26Speech15DispatchSpeaker,1,1,0
61,FILE_waitop,1,1,0
61,Newton_CalculateRoadPositionFromSliceAndPosition__FiP8coorddefP10matrixtdef,0,1,0
61,ObjectClipped__FP13DRender_tViewiP8coorddefP25Draw_tGiveShelbyMoreCache,1,1,0
61,SubmitRequest__6Speechlll,1,1,0
61,asyncloadsegmentcallback,1,1,0
61,func_800FDEF0,1,1,0
61,iSNDdmqueue,1,1,0
61,iSNDvol,1,1,0
62,AudioMus_SwitchSong__Fv,1,1,0
62,AudioMus_SysStartUp__FiiPc,1,1,0
62,Backup__Q26Speech13MobileSpeaker,1,1,0
62,EulerToMat__FP10matrixtdefiii,1,0,0
62,GetTimedAnimPosRot__10AnimScriptiP8coorddefP10matrixtdef,1,1,0
62,Loading_UpdateLoadingScreen__Fi,1,1,0
62,PadInfoMode,1,1,0
62,SNDSTRM_status,1,1,0
62,Weather_ChangeIntensityBasedOnTime__Fv,1,1,0
62,__15ObjectMultiAnimP8coorddefP7AnimDefP19Trk_CollideBoomInstP13Trk_ObjectDefP13Trk_SimObjectP23ObjectFinishedMultiAnim,1,1,0
62,func_800E56B0,1,1,0
62,loadpackadrz,1,0,0
63,AI_TryToShareLanes__FP8Car_tObjT0,0,1,0
63,AudioCmn_UnPauseAndRestart__Fv,1,1,0
63,DrawOTag2,1,1,0
63,FILE_initwithmem,1,1,0
63,InsertTrigger__24AITrigger_TriggerManagerP9trigger_tb,1,0,0
63,ReportBlockade__Q26Speech13MobileSpeaker,1,1,0
63,SNDSYS_setopts,1,1,0
63,STREAM_release,1,0,0
63,TrackSpec_Read__Fi,1,1,0
63,func_800F1024,1,1,0
64,AISpeeds_MaintainLeaderBoard__Fv,0,1,0
64,CD_getsector,0,1,0
64,Device_Analog__FUl,1,1,0
64,FindClosestCop__17AIHigh_BTC_AIPerp,1,1,0
64,Initialize__6tPMenu,1,0,0
64,Night_AdditiveNightCalc__FP6VECTORP7CVECTOR,0,1,0
64,SNDmemlargestunused,0,1,0
64,Texture_InitMenuClut__Fv,1,1,0
64,__fixdfsi,1,1,0
64,__floatsidf,1,1,0
64,func_8010A0E4,1,1,0
64,iSNDcalcpitch,1,1,0
64,iSNDplatformoutputset,1,1,0
64,iSNDrandom,0,1,0
64,iSPCH_EACrandom,0,1,0
64,initasync,1,1,0
65,AIInit_Reset2__Fv,1,1,0
65,AIPhysic_CalculateGear__FP8Car_tObj,1,1,0
65,AI_HandleTrafficHonking__FP8Car_tObj,1,1,0
65,AudioCmn_PlayerHornOn__Fiiiii,1,1,0
65,Camera_ReplayUpdate__FiP15Camera_tCamSlot,1,1,0
65,CdIntToPos,0,1,0
65,CdReadSync,1,1,0
65,CheckLocationBank__6SpeechPQ26Speech12LocationBankPci,1,1,0
65,Draw_DirectSetEnvironment__Fiiiiiiiiii,1,1,0
65,Hud_BuildMirrorFT4__FP8POLY_FT4P13HudPmx_tShapeiiUli,1,0,0
65,Texture_InitClut__Fv,0,1,0
65,func_800B6B9C,1,1,0
65,func_80109F5C,1,1,0
65,iSNDpatchkey,0,1,0
65,iSNDstop,1,1,0
65,iSPCH_MatchSample,1,0,0
66,AIHigh_Execute__Fv,1,1,0
66,AIPhysic_CalculateRampedDesiredLatPos__FP8Car_tObj9eRampType,1,1,0
66,CD_Open,1,1,0
66,Camera_UpdateCopCam2__Fi,1,1,0
66,CheckForActivation__15AIHigh_BTC_Perp,0,1,0
66,CheckForDisabled__6tPMenu,1,0,0
66,Check__Q26Speech7CarBankPciPQ26Speech11CarBankName,1,0,0
66,Hud_PositionMap__Fv,1,1,0
66,Newton_CalculateRoadPosition__FP13BO_tNewtonObj,0,1,0
66,PAD_update,1,1,0
66,Quatern_Interpolate__FP5tQuatT0P8coorddefT2iT0T2,1,0,0
66,__13AIState_ChaseP8Car_tObjT1P8coorddefiiiii,1,1,0
66,_clr_card_event,1,1,0
66,func_800FB560,1,1,0
66,func_800FB780,1,1,0
66,iSNDbankremovepat,1,1,0
67,AIPerson_LoadGlue__FP10Udff_tInfo,1,1,0
67,CopCheck__14AIHigh_TrafficPi,1,1,0
67,FlareThing__Fv,1,1,0
67,Hud_BuildMapMirrorFT4__FP8POLY_FT4P13HudPmx_tShapeiiUli,1,0,0
67,Math_QDNormalizeVector__FP8coorddef,1,0,0
67,Object_GetRadiusCollisionData__FP18Object_tSimObjListiP8coorddefPi,1,1,0
67,Object_InitIMassObjectInfo__Fv,1,1,0
67,func_800F0F18,1,1,0
67,func_800FC8A8,1,0,0
68,Car_DoSkiddingStuff__FP8Car_tObj,1,1,0
68,Hrz_SetLightingPosInSky__FP13DRender_tView,1,1,0
68,Newton_QDUpdateRot64Hz__FP13BO_tNewtonObj,1,0,0
68,Night_SetEnviroment__FP13DRender_tView,1,1,0
68,Quatern_QuatToMat__FP5tQuatP10matrixtdef,0,1,0
68,SetCameraZoom__Fii,1,1,0
68,iSPCH_ChooseSamples,1,1,0
68,transform,1,0,0
69,CD_Init,1,1,0
69,Draw_SetView__Fiiiiiiiii,1,1,0
69,Flare_SingleColorHex__FP7DVECTORP7CVECTORiii,1,0,0
69,RoadBlock__Q26Speech13MobileSpeaker,1,1,0
69,SNDPKTPLAY_create,1,1,0
69,STREAM_queuefile,1,0,0
69,Sim_StartUp__Fv,1,1,0
69,SpikeBelt__Q26Speech13MobileSpeaker,1,1,0
69,UpdateAndCheckTimeLeft__19AIHigh_BTC_HumanCop,1,1,0
69,Weather_InitSplats__Fv,1,1,0
69,iSPCH_GetPhraseBank,1,1,0
69,inittimer,1,1,0
69,setdirectory,1,1,0
70,AISpeeds_GetDamageFactor__FP8Car_tObj,1,1,0
70,AIWorld_CalcFutureLateralVel__FP8Car_tObji,1,1,0
70,CleanupBlockaders__13AIHigh_Playeri,1,1,0
70,Draw_StopRenderingView__Fi,1,1,0
70,Execute__17AIState_GotoSlice,1,1,0
70,Fog_ReadFogKeys__Fv,1,1,0
70,MemCardReadFile,1,1,0
70,MemCardWriteFile,1,1,0
70,SimQueue_Put__FiP14Input_tResults,1,1,0
71,AIWorld_FindBarrierLessLaneAndPosition__FP8Car_tObjPiT1,1,1,0
71,AI_MaybeChangeLaneSlack__FP8Car_tObj,1,1,0
71,BWorldSm_FindEdgeOff__FP8coorddefP12BWorldSm_PosT1Pi,1,1,0
71,CopSpeak_PlayNextRequest__Fv,1,1,0
71,Flare_QuadFlare__FPli,1,1,1
71,Hrz_BuildForkLightning__FP11Draw_DCache,1,1,1
71,Hud_RenderTacView__Fv,1,1,0
71,MemCardSync,0,1,0
71,ProcessInput__25tPMenuItemLeftRightSliderR13tInputKeyTypeR13tPMenuCommand,1,1,0
71,RequestWingman__19AIHigh_BTC_HumanCop,1,1,0
71,SNDautovol,1,1,0
71,func_800EA6CC,1,1,0
71,func_800ED0DC,0,1,0
71,func_800ED8E4,1,1,0
71,iSNDplatform3dpos,1,1,0
71,iSNDserver,1,1,0
71,iSPCH_ClearOldEvents,1,1,0
71,intsincos,0,1,0
72,AIInit_LoadPhysicsConfig__FP10Udff_tInfo,1,1,0
72,AIPhysic_CalculateRoadPosition__FP8coorddefi,0,1,0
72,Newton_FindGroundElevationAndNormalFast__FP13BO_tNewtonObjP8coorddef,1,1,0
72,Newton_QDUpdateRot32Hz__FP13BO_tNewtonObj,1,0,0
72,SetCar__Q26Speech7SpeakerP8Car_tObj,1,1,0
72,___17AIState_Purgatory,1,1,0
72,csincos,0,1,0
72,iSNDstreamisheld,1,1,0
73,AIPhysic_SimplePhysics_LatVel__FP8Car_tObj,1,1,0
73,HandleBlockadeSpeech__15AIHigh_BasicCop,1,1,0
73,NFS4_LoadingIcon__Fv,1,1,0
73,SPCH_ChooseSpeech,1,1,0
73,STREAM_get,1,1,0
73,UpdateFreezeModeAndPullOverMode__19AIHigh_BTC_HumanCop,0,1,0
73,fastmovfxya,1,1,0
74,AIInit_RestartAICar__FP8Car_tObj,0,1,0
74,AudioCmn_AddBank__FPciT0i,1,1,0
74,CalcOneSegment__FP16Skidmark_SegmentP8coorddefN21i,1,0,0
74,Camera_UpdateBTCopCam__Fi,1,1,0
74,Camera_UpdateFinishCam__Fi,1,1,0
74,FILE_addbig,1,1,0
74,GetStmQuadPts__FP12BWorldSm_PosP8coorddef,0,1,0
74,SNDfxlevel,1,1,0
74,Weather_CreateSplat__FP18Weather_tSplatInfo,0,1,0
75,STREAM_queuemem,1,0,0
75,SetSpeed__Q26Speech13MobileSpeakerP8Car_tObj,1,1,0
75,iSNDstreamremoverequest,0,1,0
75,intatan,1,1,0
76,CheckForActivation__18AIHigh_BTC_Wingman,1,1,0
76,Hrz_TextureQuad__FP7DVECTORccP11Draw_DCache,0,1,0
76,__truncdfsf2,1,1,0
76,iSNDgettag,1,0,0
76,iSPCH_FindEventSlot,1,1,0
77,AILife_RCPickDesiredLatPosition__FP8Car_tObj,0,1,0
77,AudioCmn_LoadGameSamples__Fv,1,1,0
77,CdControlF,1,1,0
77,DashHUD_InitHUD__Fv,1,1,0
77,Hud_BuildTimeSprites__FP4SPRTPcii,1,1,0
77,Sched_ExecuteCheck__FiiiiPiN24i,0,1,0
77,Texture_CheckForSharedPalette__FiPcP12Draw_tPixMapi,0,1,0
78,AudioClc_CalcTrackAzimuth__FP17DRender_tCalcViewP8Car_tObj,1,1,0
78,CheckCallSignBank__6SpeechPQ26Speech12CallSignBankPci,1,1,0
78,iSNDpacketgetirq,0,1,0
78,iSPCH_RuleSet,1,1,0
79,AllocatePrimitivesBuffer__Fv,1,1,0
79,CdControl,1,1,0
79,CdDiskReady,1,0,0
79,CopSpeak_Request__FP17CopSpeak_tRequest,0,1,0
79,FILE_priorityop,0,1,0
79,Object_GetPointsCollisionData__FP18Object_tSimObjListiPiP8coorddef,1,1,0
79,SNDSYS_init,1,1,0
79,SetupWingman__18AIHigh_BTC_WingmanP19AIHigh_BTC_HumanCop,1,1,0
79,func_800EF9BC,1,1,0
79,func_800FB118,1,1,0
79,func_800FB30C,1,1,0
80,BWorld_CheckChunkVisible__FP12BWorldSm_PosT0,0,1,0
80,Cars_DoGravityEffectsOnAcc__FP8Car_tObji,1,1,0
80,DrawW_SetAnimationTime__FP15Trk_AnimateInstPii,0,1,0
80,Horizon_InterpolateLineSCoords__FP7DVECTORN20Piii,0,0,0
80,R3DCar_DeInstantiate3DCarMenu__FP8Car_tObj,1,1,0
80,Render_Render__Fi,1,1,0
80,__mulsf3,1,1,0
80,blockfill,0,0,0
80,csin,1,0,0
80,iFILE_addbigreadcallback,1,1,0
80,iSPCH_SentenceGetChoices,1,1,0
81,AudioMus_DriverStartUp__Fii,1,1,0
81,Camera_UpdateBlimpCam__Fi,1,1,0
81,Fog_Update__Fi,1,1,0
81,SNDbankheadercopy,1,1,0
81,func_800E5938,1,0,0
81,func_800EFB2C,1,1,0
81,transmult,1,0,0
82,Camera_TunnelLimit__FiPi,1,1,0
82,Loading_DrawLoadingScreen__Fv,1,1,0
82,Math_fasttransmult__FP10matrixtdefN20,0,0,0
82,SPCH_AddEvent,1,1,0
82,__15AIState_OffroadP8Car_tObjiP8coorddefP10matrixtdefiii,1,1,0
82,fixedatan,1,1,0
82,func_800F2C10,1,1,0
82,iSPCH_MakeSampleRequests,1,1,0
83,Camera_UpdateTVCam__Fi,1,1,0
83,CdControlB,1,1,0
83,DoNitrous__13AIState_Chasei,1,1,0
83,HandleSpeech__13AIHigh_Player,1,1,0
83,Hud_Render321Go__Fv,1,1,0
83,SNDpan,1,1,0
83,_padRecvAtLoadInfo,1,0,0
83,iSPCH_ConstantRuleSet,1,1,0
83,iSPCH_OrderSentences,1,0,0
84,AI_CheckForCarsOnSide__FP8Car_tObj,1,1,0
84,CheckForBarriersAndTargetAroundThem__13AIState_Chase,1,1,0
84,Hud_BuildTimeString__FP4SPRTi,0,1,0
84,RemoveCloseCops__16AIHigh_BasicPerp,1,1,0
84,__divsf3,1,1,0
84,func_800EF86C,1,1,0
84,iSNDdownloadbank,1,0,0
84,iSNDpatchtohdr,1,0,0
84,qsort,1,0,0
85,CdGetDiskType,1,1,0
85,Sfx_Transform__FP8coorddefP7SVECTORT0,1,1,1
85,iSNDrestore,1,1,0
86,AI_SetupOncomingLaneDemerits__FP8Car_tObj,1,1,0
86,BWorld_BuildGlareEffects__FP13DRender_tViewP11Draw_DCacheP5Group,1,1,0
86,CheckForNewTarget__14AIHigh_BTC_Cop,1,1,0
86,CopSpeak_Play__FP17CopSpeak_tRequesti,1,1,0
86,Font_TextXY__FPcii,1,1,0
86,Physics_FixEngineRpm__FP8Car_tObj,0,0,0
86,Replay_ResetReplay__Fv,1,1,0
86,Track_LoadObjectKillData__Fv,1,1,0
86,iSNDpacketpurgeframes,1,1,0
86,iSNDstreamhotroddatachunks,1,1,0
86,iSPCH_SetCycleBits,1,1,0
87,AudioClc_StartUp__Fv,1,1,0
87,CheckChaserPosition__16AIHigh_BasicPerpii,1,1,0
87,Hrz_InitSkyColor__Fv,0,1,0
87,Newton_FindGroundElevationGeneral__FP8coorddefN20,1,1,0
87,SetUp__13AIState_Chase,1,1,0
87,StampImage__Fii,0,1,0
87,func_800F9AE8,1,1,0
87,iSNDsetvol,0,1,0
88,Collide_CheckForCollisionBetween__FP13BO_tNewtonObjT0,1,1,0
88,DrawW_BuildChunkCenterLineFacets__FP5ChunkP5GroupP25Draw_tGiveShelbyMoreCacheP7COORD16,1,1,0
88,Math_BetterDist__Fii,0,0,0
88,PadInitDirect,1,1,0
88,ShouldIPerformCutOffBlock__15AIHigh_BasicCopiP8Car_tObj,1,1,0
88,Texture_CloneUVPmx__FP12Draw_tPixMapiT0,0,1,0
88,__extendsfdf2,1,1,0
89,Hud_NextPlayer__Fi,1,1,0
90,AIPhysic_HandleShifting__FP8Car_tObj,1,1,0
90,AIScript_ProcessActionsAndReactions__FP10AIScript_ti,0,0,0
90,AISpeeds_CalcOpponentCurveSpeed__FP8Car_tObj,1,1,0
90,AudioClc_CalcAzimuth__FP17DRender_tCalcViewP8coorddef,1,1,0
90,CD_datasync,1,1,0
90,R3DCar_CleanUp__Fv,1,1,0
90,Texture_Vramcf__FP8shapetbliiii,1,0,0
90,Track_ProcessFlipAndUVFlags__FiP12Draw_tPixMapT1,1,0,0
90,iSNDstreamservice,1,1,0
91,Hud_ParseTime__FiPc,1,1,0
91,Track_AssociateSingleMaterial__FP12Trk_MaterialP15Track_tMaterialP18Track_tArtresource,1,0,0
91,func_80104AB0,1,1,0
92,AI_HandleChangeInNumLanes__FP8Car_tObj,1,1,0
92,Camera_TooSteep__FiP12BWorldSm_Pos,1,1,0
92,Cars_SortCars__Fv,0,1,0
92,CopSpeak_RadioStaticActive__Fi,1,1,0
92,SNDSTRM_requeststatus,1,1,0
93,AIPhysic_InitCar__FP8Car_tObj,1,1,0
93,AudioCmn_GetAsyncSfx__Fiib,1,1,0
93,Execute__13AIState_Chase,1,1,0
93,ResetGraph,1,1,0
93,SNDPKTPLAY_submit,1,1,0
94,AudioCmn_Init__Fv,1,1,0
94,CheckForWipeOut__10AIHigh_Cop,0,1,0
94,GetObjMaxDimensions__FPP13Trk_ObjectDefP14Trk_SimpleInstP8coorddef,1,0,0
94,Roger__Q26Speech13MobileSpeaker,1,1,0
94,VSync,1,1,0
94,resizememadr,1,1,0
95,Physics_CalculateRoadGripModifiers__FP8Car_tObj,1,1,0
95,func_8005C468,1,1,0
95,iSNDpacketget,1,1,0
96,func_801066F8,1,1,0
97,AILife_ReencarnateCopByLatPosAndRotation__FP8Car_tObjiiii,1,1,0
97,AILife_ReencarnateCopBySlice__FP8Car_tObjiiii,1,1,0
97,Night_DoLightningEffect__FP13DRender_tView,1,1,0
97,iSNDstreamparsedata,1,1,0
98,Cars_CleanUp__Fv,1,1,0
98,Hud_NextPlayerNameOrCarOrTime__Fi,1,1,0
98,Hud_RenderPauseBox__Fiiii,1,1,0
98,InGame_SetRamp__Fv,1,1,0
98,iSPCH_UnPackSample,1,0,0
99,Hud_BuildETimeString__FP4SPRTi,0,1,0
99,Newton_GenerateVector__FiP8coorddefP12BWorldSm_Pos,1,1,0
100,BWorldSm_QuadLight__FP12BWorldSm_Pos,0,1,0
100,func_800FC9B4,1,1,0
100,setfont,1,1,0
101,AIPhysic_CheckForGripReduction__FP8Car_tObj,1,1,0
101,Anim_InitSystem__FPc,1,1,0
101,FILE_delbig,1,1,0
101,Hud_DebugInfo__Fv,1,1,0
101,Math_VectorLength2__FP8coorddef,1,1,0
101,iSNDpacketserve,1,1,0
102,Camera_UpdateCopCam1__Fi,1,1,0
102,Physics_CorrectPostCollisionYaw__FP8Car_tObjiG8coorddef,1,1,0
102,Track_AnimateTextures__Fv,0,1,0
103,AI_PushFinishedCarsToSide__FP8Car_tObj,1,1,0
103,CdRead,1,1,0
103,Math_VectorLength__FP8coorddef,1,1,0
103,Newton_OptzRotxform__FP10matrixtdefiiiPiiT4,1,0,0
103,Night_InitNightDriving__Fv,1,1,0
103,Reset__6Speech,1,1,0
103,firstfile,1,1,0
103,loaddirinfo,1,1,0
104,AIPhysic_CheckIfOutOfControl__FP8Car_tObj,1,1,0
104,AISpeeds_CalcTrafficTopSpeed__FP8Car_tObj,1,1,0
104,CheckMultiBank__6SpeechPciPQ26Speech11CarBankName,1,1,0
104,HandleCops__13AIHigh_Player,1,1,0
104,Hud_BuildDistanceString__FP4SPRTi,0,1,0
104,Report__Q26Speech15DispatchSpeakerP8Car_tObj,1,1,0
104,RotMatrixZ,0,1,0
104,cSNDbankremove,1,1,0
104,iSPCH_ChooseSentence,1,1,0
105,AIPerson_Startup__Fv,1,1,0
105,AI_SubmitObstacle__FP8Car_tObjiiii,1,1,0
105,AudioCmn_LoadAsyncSfx__FiiPvi,1,1,0
105,Nfs2_CleanUpGameModule__Fv,1,1,0
105,Replay_InitReplay__Fv,1,1,0
105,STREAM_kill,1,1,0
106,MPause_Render__Fv,1,1,0
106,Newton_DoPostBarrierCollisionHandling__FP13BO_tNewtonObjG8coorddef,1,1,0
106,Object_AddCustomSimObject__FP9SceneElemii,1,1,0
106,func_800F87C0,1,1,0
106,iSNDstreamparseheader,1,1,0
107,DrawC_NightHeadlight__FP8Car_tObj,1,1,1
107,Execute__15AIState_Offroad,1,0,0
107,Nfs2_GameModuleStartUp__FPi,1,1,0
107,Skidmark_CheckChunk__FP8coorddefii,0,1,0
107,Texture_Vramf__FP8shapetbliiii,1,1,0
107,TexturesLoadInitial__Fv,1,1,0
107,func_8005C5E4,1,1,0
108,AILife_ReencarnateCopByPosition__FP8Car_tObjiiP8coorddefP10matrixtdef,1,1,0
108,Weather_CreateSnow__FP7SVECTOR,0,1,1
108,__17AIState_PurgatoryP8Car_tObj,1,1,0
109,AI_CheckPreferredLateralPosition__FP8Car_tObj,1,1,0
109,CheckForTriggerAtSlice__24AITrigger_TriggerManagerii,1,1,0
109,CheckIfCarIsNearbyAndStop__21AIState_RovingTrafficP8Car_tObjRi,1,1,0
109,FILE_cancelop,1,1,0
109,Texture_LoadMenuTexture__Fv,1,1,0
109,___14tPauseMenuDefs,1,0,0
109,iSNDatodlrv,1,0,0
110,Hud_BustedOverlayOn__FiPcbs,1,1,0
110,Math_NormalizeVector__FP8coorddef,1,1,0
110,Sfx_ThickenXZ__FP7SVECTORP8coorddefN21,1,0,0
110,iSNDfreechan,0,1,0
111,AISpeeds_BTCGetGlueFactor__FP8Car_tObj,1,1,0
111,AudioMus_Volume__Fi,1,1,0
111,Camera_UpdateCollisionCam__Fi,1,1,0
111,Flare_SingleColorOctRing__FP7DVECTORP7CVECTORiii,1,1,0
111,Hud_Draw321Num__Fiiiiii,1,1,0
111,MemCardDeleteFile,1,1,0
111,Object_GetIMassObjectMotion__FiP8coorddefP10matrixtdefT1,1,1,0
111,Sky_RenderStars__FP13Draw_SkyCachei,1,1,1
111,Stats_DoPlayerGlue__Fv,1,1,0
111,iSNDdmcallback,1,1,0
111,locatebigentryz,1,0,0
112,CV_ProcessWorldColors_FINAL__FiP7CVECTORs,1,1,0
112,Physics_CalculateRSControlDesiredPosition__FP8Car_tObjii,1,1,0
112,iSPCH_GetRuleSettings,1,1,0
113,CarIO_CopyFromShape__FPsT0iiii,0,0,0
113,Night_CreateNightTableElement__FiliPUc,1,1,0
113,Weather_CreateRain__FP7SVECTORP7DVECTORPc,0,1,1
113,Weather_DoSplats__FiP18Weather_tSplatInfo,1,1,0
113,isqrt,0,1,0
114,Cars_ManageBureaucracy__Fv,1,1,0
115,AudioClc_CalcDopplerShiftRatio__FP8coorddefT0,1,1,0
115,BWorldSm_FindClosestQuadRez__FP8coorddefP12BWorldSm_Posi,1,0,0
115,FindClosestQuad__FP8coorddefP12BWorldSm_Pos,1,1,0
115,Sfx_BuildSmokeFacet__FP17Souffle_tISouffleP10sfxsouffleP12Draw_tPixMap,1,1,0
116,AudioTrk_PreLoad__Fv,1,1,0
116,CalcStartSegment__FP16Skidmark_SegmentT0P8coorddefN22i,1,0,0
116,CopSpeak_ShowQueue__Fv,1,1,0
116,FindRandomBarrierFreeArea__19AIHigh_BTC_HumanCopiii,1,1,0
116,func_800F2A40,1,1,0
117,AIInit_InitAICar__FP8Car_tObjP10Udff_tInfo,1,1,0
117,AudioMus_GetSongList__FPci,1,1,0
117,Flare_HexFlare__FPli,0,1,1
117,Flare_ReflectHexFlare__FPli,0,1,1
117,Font_LoadFont__FPciic,1,1,0
117,FreezeAndEndChase__19AIHigh_BTC_HumanCop,1,1,0
117,Newton_FindGroundElevationRough__FP8coorddefN20,1,1,0
117,func_800FABF0,1,1,0
117,iSNDstreamqueue,1,1,0
118,Camera_UpdateBumperCam__Fi,1,1,0
118,Draw__14ObjectSignAnimP13DRender_tViewP11Draw_DCachei,1,1,0
118,Draw__25tPMenuItemLeftRightChoiceb,1,1,0
118,HandlePullOver__15AIHigh_BTC_Perp,1,1,0
118,HighExecute__19AIHigh_BTC_HumanCop,1,1,0
118,RequestBlockader__19AIHigh_BTC_HumanCopi,1,1,0
118,_padSioRW,1,1,0
119,SNDPKTPLAY_purge,1,1,0
119,Track_InitPersistentData__FP15SerializedGroup,1,1,0
119,_card_start,1,1,0
119,func_800FC634,1,1,0
119,iSNDstartvoice,1,1,0
120,CD_init_80108140,1,1,0
120,CheckForWipeOut__15AIHigh_Opponent,0,1,0
120,Render_InsertDepthOfField__Fv,1,1,0
120,Souffle_Add__FP8coorddefiT0iii,1,1,0
120,iSPCH_ChooseEvent,1,1,0
121,DistToPerp__Q26Speech13MobileSpeaker,1,0,0
121,iSNDdmtransfer,1,1,0
122,DrawC_DivideShadowPrim__FP7COORD16N30PUsN34P12Draw_tPixMapP13Draw_CarCache,0,1,1
122,Sky_InitStars__Fv,1,1,0
122,func_80108BF4,1,1,0
123,Hud_BlackThinBox__Fiiii,1,1,0
124,creatememclass,1,1,0
125,CopSpeak_LoadNextRequest__Fv,1,1,0
126,Collide_CheckAccuratePointRadiusCollision__FP13BO_tNewtonObjP8coorddefi,1,0,0
126,SetDrawEnv,1,1,0
126,Sfx_AdditivePrim__FP12Draw_tPixMapP7SVECTORiiP10Sfx_tCache,1,1,1
127,AI_OpponentBlockPlayer__FP8Car_tObjT0,1,1,0
127,Physics_CalcWheelLockAcc__FP8Car_tObjP23Physics_tWheelAccStruct,1,1,0
127,func_8005972C,1,1,0
127,iSNDplatformresolve,1,1,0
127,iSNDpsxmalloc,1,1,0
128,Camera_SetSplineCam__Fi,1,1,0
128,Collide_ClearCollisionRegistry__Fv,1,1,0
129,AILife_PlaceCarAtLocation__FP8Car_tObji,1,1,0
129,DrawC_ShadowPrim__FP12Draw_tVertexP13Draw_CarCache,1,1,1
129,UpdateSiren__Fiiiii,1,1,0
129,__13AIHigh_PlayerP8Car_tObj,1,1,0
129,reservememadr,1,1,0
130,CV_ColorTracks__Fiii,1,1,0
130,DrawC_ReadLightingData__Fv,1,1,0
130,MemCardCreateFile,1,1,0
130,TextureProcess_ColorClut__FiiPciii,1,1,0
131,AILife_ReencarnateTrafficByPosition__FP8Car_tObjiiP8coorddefP10matrixtdef,1,1,0
131,AISpeeds_GetGlueFactor__FP8Car_tObj,1,1,0
132,unbtree,1,1,0
133,Anim_GetRotPos__FP15Trk_AnimateInstiiP8coorddefP10matrixtdef,1,1,0
133,CalculateBankSize__6SpeechPcPQ26Speech11CarBankNamePlT3,1,1,0
133,Camera_SetMode__Fii,1,1,0
134,Hrz_LightningAddFork__FScScSc,1,1,0
134,Object_InitCollisionCheckLoop__FP12BWorldSm_PosP18Object_tSimObjListPi,1,1,0
135,__19AIHigh_BTC_HumanCopP8Car_tObji,1,1,0
135,iSNDmalloc,1,1,0
136,DrawC_MenuColorData__FiP8Car_tObji,1,1,0
136,Flare_OctFlare__FPli,0,1,1
136,IsFalseArrest__15AIHigh_BTC_Perp,1,1,0
136,NewStage__20AIHigh_BTC_HumanPerpP19AIHigh_BTC_HumanCop,1,1,0
138,Force_Vbl__Fv,1,1,0
139,Camera_GetAudioViewInfo__FiP17DRender_tCalcViewPP8coorddef,1,1,0
139,CdGetToc2,1,1,0
139,Hud_RenderStatsView__Fv,1,1,0
140,Device_ReadPad__FiUl,1,1,0
140,MPause_StartPauseMenu__Fv,1,1,0
140,func_800EEB5C,1,1,0
140,reorthogonalize,1,1,0
141,AI_CalculateDesiredLatPosition__FP8Car_tObj,1,1,0
141,Anim_GetPos__FP15Trk_AnimateInstiiP8coorddefPiT4,1,1,0
141,func_800FAE2C,1,1,0
142,TrackSpec_SetDefault__FP10CTrackSpec,0,1,0
142,_padSioRW2,1,1,0
143,func_800EED8C,1,1,0
144,AI_CheckForPlayerActions__FP8Car_tObjT0,1,1,0
144,AI_DoReactions__FP8Car_tObj,1,1,0
144,STREAM_create,1,1,0
144,iSNDstreamcreate,1,1,0
145,Cars_CalculateStartingGridOffset__FP8Car_tObjPiP8coorddef,1,1,0
146,Cars_CalculateRoadSpan__FP8Car_tObj,0,0,0
148,Update__10AIDelayCar,1,1,0
148,func_8010A1E4,1,1,0
149,CheckForNewTriggers__14AIHigh_Traffic,1,1,0
149,Purge__Q26Speech13MobileSpeaker,1,1,0
150,wildcard,1,1,0
152,AudioCmn_PlayDoppleredSound__Fiiiiii,1,1,0
152,CalcObjectBoundingSphere__FP5GroupT0,1,1,0
152,CheckForNewTarget__10AIHigh_Cop,1,1,0
152,MemCardGetDirentry,1,1,0
152,func_800EF60C,1,1,0
153,DrawC_DividePrim__FP7COORD16N20PUsN23P12Draw_tPixMapP13Draw_CarCache,0,1,1
154,AIPhysic_Preperation__FP8Car_tObj,1,0,0
154,Car_DoPostCollisionStuff__FP8Car_tObj,1,1,0
156,AI_CheckForClearLanes__FP8Car_tObj,1,1,0
156,CopSpeak_ReadyNextRequest__Fv,1,1,0
156,func_800EE608,1,1,0
157,ProcessInput__6tPMenuR13tInputKeyTypeR13tPMenuCommand,1,0,0
157,Roger__Q26Speech15DispatchSpeaker,1,1,0
157,func_80105980,0,1,0
157,func_801088B0,1,1,0
158,unrefpack,1,1,0
159,AudioEng_Set__Fiiiiiiii,1,1,0
159,func_800FE0B0,1,1,0
160,AudioMus_PlaySong__FPc,1,1,0
160,CD_sync,1,1,0
160,Camera_UpdateCircleCam__Fi,1,1,0
160,Newton_InitBaseNewtonObj__FP13BO_tNewtonObjiiiiii,1,1,0
160,Weather_QuickReOrthogonalize__FP10matrixtdefT0,1,1,0
160,func_800EEFC8,1,1,0
161,AISpeeds_ReadTuningInfo__Fv,1,1,0
161,Hud_RenderMapView__Fv,1,1,0
162,MaintainAvailableCops__13AIHigh_Player,1,1,0
163,AudioCmn_TrafficSFX__Fiiiiiiii,1,1,0
163,CD_Read,1,1,0
163,CheckForCrimes__16AIHigh_BasicPerp,1,1,0
164,AIPhysic_Main__FP8Car_tObj,1,1,0
164,RotMatrix,0,1,0
165,Night_GenerateAllLightTables__Fv,1,1,0
165,vramfxya,1,1,0
166,AI_CalculateAdjustedDesiredSpeed__FP8Car_tObj,1,1,0
166,DrawW_SetUpSubdividFacet_Line__FP25Draw_tGiveShelbyMoreCache,1,0,1
166,Object_CheckCollisionResults__FP18Object_tSimObjListiP13BO_tNewtonObj,1,1,0
166,SetupBlockadeElements__15AIHigh_BasicCopP10blockade_t,1,1,0
167,Physics_InitCarSpecs__FP8Car_tObjP10Udff_tInfo,1,0,0
167,func_800F96E8,1,1,0
167,func_800FCB44,1,1,0
168,func_800A3F08,1,1,0
168,iSNDinit,1,1,0
169,Draw__25tPMenuItemLeftRightSliderb,1,1,0
169,openfile,1,1,0
170,Replay_ReplayChooseCamera__Fii,1,1,0
171,iSNDplatformplay,1,1,0
172,func_800EF35C,1,1,0
173,RawFindClosestSlice__FP8coorddefP12BWorldSm_Pos,0,1,0
173,STREAM_cancelrequest,1,1,0
174,MPause_MusicLogic__Fc,1,1,0
175,Catch__Q26Speech13MobileSpeakeri,1,1,0
175,Physics_AutoShift__FP8Car_tObj,1,1,0
176,AudioClc_SoundCars__Fv,1,1,0
176,Camera_UpdateAnimCam__Fi,1,1,0
176,DashHUD_HUDCalc__Fi,1,1,0
177,func_800F9380,1,1,0
178,CD_ready,1,1,0
179,CopSpeak_Server__Fv,1,1,0
181,DoRearEnder__15AIHigh_Opponent,1,1,0
181,SetupBuildMatrices__FP13DRender_tViewP11Draw_DCache,1,1,0
181,__14ObjectSignAnimP8coorddefiP7AnimDefP19Trk_CollideBoomInstP13Trk_ObjectDefP13Trk_SimObjectT1P22ObjectFinishedSignAnim,1,1,0
182,CdSearchFile,1,1,0
183,AISpeeds_CalcHumanCurveSpeed__FP8Car_tObj,1,1,0
183,Flare_Spikes__FPli,0,1,1
184,AIPhysic_CalcAcceleration__FP8Car_tObji,1,1,0
184,CheckForNewLevel__13AIHigh_Playeri,1,1,0
184,ChooseImpactSample__Fi6s_typeT1,1,1,0
184,__divdf3,1,1,0
184,iSND100hzserver,1,1,0
185,Hrz_Init2DRing__Fv,1,1,0
187,BWorld_Init__Fv,1,1,0
187,Flare_Sun__FP7SVECTORP15Draw_FlareCache,1,1,1
187,Hud_CreateHudViews__Fv,1,1,0
187,SNDPKTPLAY_start,1,1,0
189,DrawObjectSimple__FP13DRender_tViewP11Draw_DCacheP13Trk_ObjectDefP8coorddefi,1,1,0
189,DrawW_BuildObjectFacets__FP13DRender_tViewP15ChunkObjectInfo,1,1,0
190,FindLocation__Q26Speech7SpeakerP8Car_tObj,1,1,0
191,Hud_BuildReplay__Fv,0,1,0
193,BWorld_OnyxBuildFacets__FP13DRender_tView,1,1,0
195,ApproachTargeting__13AIState_Chasei,1,1,0
196,Cars_InitCar__FP8Car_tObji,1,1,0
197,Replay_SaveInput__Fi,1,1,0
197,Weather_DoWeather__FP13DRender_tView,1,1,0
197,__muldf3,1,1,0
198,Font_ComputeColors__Fiiic,1,1,0
199,DrawW_DoLines__FP13DRender_tViewP11tBuildEntryP11Draw_DCache,1,1,0
199,FntFlush,1,1,0
199,MPause_Logic__Fv,1,1,0
199,blockmove,0,0,0
200,BigBTCTime__Fi,1,1,0
200,DrawW_BuildCustomObjectFacets__FP13DRender_tViewP11Draw_DCacheP13Trk_SimObjectP5Groupi,1,1,0
200,Newton_CalcDistToClosestPlayerCar__FP13BO_tNewtonObj,1,1,0
201,Sim_ProcessSimSchedules__Fv,1,1,0
202,CheckForNewTriggers__10AIHigh_Cop,1,1,0
203,HighExecute__15AIHigh_Opponent,1,1,0
203,SetupChunkBuildList__FP13DRender_tView,1,1,0
205,Camera_GetViewInfo__FiP17DRender_tCalcViewi,1,1,0
205,_padInitSioMode,1,1,0
206,Check_Rot__FP12BWorldSm_Pos,1,0,0
206,DrawW_SetUpSubdividFacet__FiP25Draw_tGiveShelbyMoreCache,1,0,1
209,AIPerson_LoadPersonalityData__FP10Udff_tInfo,1,1,0
209,AvoidCops__17AIHigh_BTC_AIPerp,0,1,0
209,Hrz_InitSky__Fv,1,1,0
211,Hud_BuildWingmanInterface__Fi,1,1,0
211,LoadShapesAndMakePmx__FPcP12Draw_tPixMapiii,1,1,0
211,R3DCar_ReadInCarTextureMenu__FP8Car_tObjPcii,1,1,0
211,Weather_Init__Fv,1,1,0
212,DecDCTvlc,0,1,0
213,Lose__Q26Speech13MobileSpeaker,1,1,0
213,Object_AddCustomObject__FP9SceneElemi,1,1,0
214,AIPhysic_SimplePhysics_LongVel__FP8Car_tObj,1,1,0
214,AudioCmn_Reset__Fv,1,1,0
214,DrawObjectTransform__FP13DRender_tViewP11Draw_DCacheP10matrixtdefP13Trk_ObjectDefP8coorddefis,1,1,0
215,Hud_BuildString__FPciiiib,1,1,0
216,__14tPauseMenuDefs,1,1,0
216,iSNDplaytaggedpatch,1,1,0
219,AIPhysic_SimplePhysics__FP8Car_tObj,1,1,0
219,Replay_LoadCameraFile__Fv,1,1,0
220,NewStage__19AIHigh_BTC_HumanCopiii,1,1,0
221,Newton_CalculateGroundShadowMatrix__FP13BO_tNewtonObjP8coorddefi,1,1,0
221,movfxya,1,1,0
222,DrawW_DoObjects__FP13DRender_tViewP11tBuildEntry,1,1,0
222,iSNDpsxfxinit,1,1,0
223,Camera_UpdatePulloverCam__Fi,1,1,0
223,Weather_CheckAndResetParticles__FP7SVECTOR,1,1,0
224,AI_CalcMeritsBasedOnSpeed__FP8Car_tObj,1,1,0
224,AudioCmn_SFX__Fi6s_typeT1iii,1,1,0
224,__adddf3,1,1,0
225,CheckIfABlockadeCanBeSetup__13AIHigh_Player,1,1,0
225,DrawC_SpotPrims__FP10matrixtdefP8coorddefP13Draw_CarCache,1,1,1
225,Flare_OctFlareSpikes__FPli,0,1,1
225,GameSetup_StartUp__FPi,1,1,0
225,Newton_CalcPerpenHeightOfLowestPointFromGround__FP13BO_tNewtonObjP8coorddefT1,0,0,0
225,func_8010C314,1,1,0
228,Newton_UpdateRoadGeometry__FP13BO_tNewtonObj,1,1,0
229,AI_CalculateLaneSpeeds__FP8Car_tObj,1,1,0
229,Camera_Init__Fv,1,1,0
229,CarIO_CreateLicense__FPcii,1,1,0
230,FindBarrierEndSlice__13AIState_Chase,1,1,0
231,Camera_AcquireTarget__FiP8coorddefT1P10matrixtdefi,1,1,0
231,Quatern_MatToQuat__FP10matrixtdefP5tQuat,1,1,0
231,Replay_RetreivingControllerData__Fv,1,1,0
231,Skidmark_AddStretch__FPP16Skidmark_SegmentPiP5tSkidP8coorddefP7CVECTORiii,1,1,0
231,iSNDserve,1,1,0
232,Newton_CalcRealShadowCoordinates__FP8Car_tObji,1,0,0
232,Stats_TrackEndGame__Fv,1,1,0
232,__6Speech,1,1,0
233,Execute__21AIState_RovingTraffic,1,1,0
233,InGame_GetPSXPadValue__Fii,1,1,0
233,Physics_CalcTractionCircleAcc__FP8Car_tObjP23Physics_tWheelAccStruct,1,1,0
234,AIHigh_StartUp__Fv,1,1,0
234,R3DCar_Visibilty__FP8Car_tObjP13DRender_tView,1,1,0
235,Hud_InitMapFrame__Fii,1,1,0
237,Camera_NextMode__Fi,1,1,0
237,main,1,1,0
239,AISpeeds_GetCaravanFactor__FP8Car_tObj,1,1,0
240,AI_CheckForBarriers__FP8Car_tObj,1,1,0
241,AI_HandleShouldersAndOffRoad__FP8Car_tObj,0,1,0
241,Track_LinkMaterials__FP15SerializedGroupiP15Track_tMaterial,1,1,0
241,iSNDplatformpacketplay,1,1,0
242,CHECK_VERTEX_WITH_DIRS_OTHER__Fiii,0,1,0
242,CHECK_VERTEX_WITH_DIRS__Fiii,0,1,0
243,FntPrint,1,1,0
243,Replay_StoringControllerData__FG15tControllerData,1,1,0
245,Camera_OpponentLookBehind__FiP8coorddefi,1,1,0
245,Skidmark_Add__FP5tSkidP8coorddefP7CVECTORiii,1,1,0
247,Flare_2DHalo__Fiiiii,1,1,0
251,AIPhysic_FinishUp__FP8Car_tObj,1,1,0
251,Cars_IniCarObjects__FP8Car_tObji,1,1,0
251,Weather_ProcessParticles__FP13DRender_tViewiP7SVECTORPc,1,1,1
258,Stats_TrackStats__FP8Car_tObj,1,1,0
259,CD_cw,1,1,0
265,Draw__15ObjectMultiAnimP13DRender_tViewP11Draw_DCachei,1,1,0
266,R3DCar_InsertCarFacetMenuII__FP8Car_tObji,1,1,0
267,AudioClc_GetClosestCars__Fiii,1,1,0
268,DrawW_BuildSpikeBelt__FP13DRender_tViewiP11Draw_DCache,1,1,0
269,Hud_BuildTach__Fi,1,1,0
269,StatusReply__Q26Speech15DispatchSpeaker,1,1,0
270,AILife_RCPickSliceAndDirection__FP8Car_tObj,1,1,0
270,LoadBankHeaders__6SpeechPcPQ26Speech11CarBankNamell,1,1,0
272,Cars_AddCarSfx__FP8Car_tObjiP8coorddefiii,1,1,0
272,Texture_LoadPmx__FPcT0iiiiiP12Draw_tPixMap,1,1,0
275,Newton_SetInitialSlicePositionOrientationEtc__FP13BO_tNewtonObjiP8coorddefi,1,1,0
278,Force_Update__FP8Car_tObj,1,1,0
279,DrawW_NightColorCalc__FP25Draw_tGiveShelbyMoreCacheP8POLY_GT4P8CCOORD16N32,1,1,1
279,Physics_AttenuateVelocity__FP8Car_tObjiP10matrixtdef,1,1,0
280,Cars_ResetCollidedCars__FP8Car_tObjii,1,1,0
280,Replay_GetInput__Fi,1,1,0
282,Cars_StartUp__Fv,1,1,0
282,Hud_Render__Fv,1,1,0
282,Replay_ReplayFindClosestCamera__Fii,1,1,0
283,Track_Init__FPc,1,1,0
288,CHECK_CENTER_VERTEX_WITH_DIRS__Fiii,0,1,0
288,Camera_Update__Fv,1,1,0
288,Control_Human__FP8Car_tObj,1,1,0
290,func_800ECB98,1,1,0
291,CHECK_CENTER_VERTEX_WITH_DIRS_OTHER__Fiii,0,1,0
292,Replay_GetInterfaceKey__Fv,1,1,0
295,Souffle_DoSouffle__Fv,1,1,0
297,DrawC_ShowroomPrims__FP10matrixtdefP8coorddefP13Draw_CarCache,1,1,1
298,CarIO_UpdateCarTextureData__FPcP8Car_tObji,1,1,0
298,DrawC_PrimHalo__FP10matrixtdefP8coorddefP16Transformer_zObjiiiP13Draw_CarCache,1,1,1
298,iSNDallocchan,1,1,0
300,AudioMus_Server__Fii,1,1,0
300,CloseTargeting__13AIState_Chase,1,1,0
300,func_800F9CA4,1,1,0
301,R3DCar_InsertAllListFacet__FP13DRender_tView,1,1,0
304,HighExecute__17AIHigh_BTC_AIPerp,1,1,0
305,InGame_ResetPSXController__Fii,1,1,0
307,HandlePullOver__13AIHigh_Player,1,1,0
308,Hud_BuildMapMarkers__Fi,1,1,0
308,iSNDfillspuwithpackets,1,1,0
312,AudioClc_SoundCloseCar__Fii,1,1,0
313,TrgSfx_AddSkidmark__FiiP8coorddefiiP8Car_tObji,1,1,0
315,Newton_ApplyTheLawOfGravity__FP13BO_tNewtonObj,1,1,0
316,AudioCmn_PlaySFX__Fiiiiii,1,1,0
318,PutDispEnv,1,1,0
319,Execute__14AIState_Donuts,1,1,0
320,iSNDplaytaggedtimbre,1,1,0
321,Sim_MainGameLoop__Fv,1,1,0
322,R3DCar_ReadInCarData__FPcP8Car_tObj,1,1,0
324,Physics_CalculateDerivedCarSpecs__FP8Car_tObj,1,1,0
326,Cars_InitializeCarTablesFlagsAndCounters__FP8Car_tObj,1,1,0
329,InstanceGroup__5ChunkP15SerializedGroupP9SimpleMem,1,1,0
330,R3DCar_CalcCarDimensions__FP8Car_tObjP18Transformer_zScenei,1,1,0
335,DrawC_ShadowPrimClip__FP12Draw_tVertexP13Draw_CarCache,1,1,0
340,SetupBlockader__18AIHigh_BTC_WingmanP19AIHigh_BTC_HumanCopi,1,1,0
342,AISpeeds_CalcOpponentTopSpeed__FP8Car_tObjPi,1,1,0
343,func_80107080,1,1,0
346,Physics_CalculateTireForces__FP8Car_tObjP23Physics_tWheelAccStruct,1,1,0
349,RaceSummary__Fv,1,1,0
351,Camera_UpdateSplineCam__Fi,1,1,0
353,Draw_kCtrlSkidmark__FP18Draw_tCtrlSkidmark,1,1,1
356,CopSpeak_StartUp__Fv,1,1,0
358,AudioTrk_SoundTrack__FP8Car_tObji,1,1,0
358,Physics_DoBarrierCheck__FP8Car_tObj,1,1,0
358,Status__Q26Speech13MobileSpeaker,1,1,0
359,DrawW_DoTrough__FP13DRender_tViewP11tBuildEntry,1,1,0
363,NewStage__17AIHigh_BTC_AIPerpP19AIHigh_BTC_HumanCop,1,1,0
366,AudioEng_Update__Fv,1,1,0
366,Status__Q26Speech15DispatchSpeaker,1,1,0
376,AudioEng_StartUp__FiPc,1,1,0
378,AIPhysic_GetDesiredVector__FP8Car_tObj,1,1,0
379,R3DCar_InsertCarFacetII__FP8Car_tObj,1,1,0
380,CheckIfCaught__16AIHigh_BasicPerp,1,1,0
381,Collide_CheckMeForCollisions__FP13BO_tNewtonObj,1,1,0
402,Camera_UpdateTailCam__Fii,1,1,0
409,Flare_LensFlare__FP7DVECTORP15Draw_FlareCache,1,1,1
412,AIPhysic_OutOfControlPhysics__FP8Car_tObj,1,1,0
413,AudioTrk_AddCustomObject__FP9AudioElemiP8coorddefiP8Car_tObji,1,1,0
415,AudioCmn_CheckState__FP8Car_tObj,1,1,0
434,DrawW_BuildChunkObjectFacets__FP13DRender_tViewP15ChunkObjectInfo,1,1,0
443,Camera_UpdateHeliCam__Fii,1,1,0
450,Hud_BuildRadar__Fi,1,1,0
458,Hrz_BuildSky__Fv,1,1,1
461,AudioClc_SoundPlayersCar__Fi,1,1,0
467,Engage__Q26Speech13MobileSpeakerP8Car_tObj,1,1,0
470,Newton_TestForUndrivableSurfaces__FP13BO_tNewtonObj,1,1,0
473,Hrz_BuildHorizon__FP13DRender_tView,1,1,1
473,Hud_BTCStats__Fsb,1,1,0
475,Hud_BuildCdPlayer__Fii,1,1,0
475,RaceStatistics__Fv,1,1,0
480,DrawC_PrimMenu__FP10matrixtdefP8coorddefP16Transformer_zObjP20Transformer_zOverlayiP13Draw_CarCache,1,1,1
491,CarIO_ReadInCarTextureData__FPcP8Car_tObjii,1,1,0
491,RawFindClosestQuad__FP8coorddefP12BWorldSm_Pos,1,1,0
493,Stats_ExtrapolateOpponentTimes__Fi,1,1,0
502,Newton_AddDamageZone__FP13BO_tNewtonObjiii,1,1,0
502,Physics_RampCarControlValues__FP8Car_tObj,1,1,0
507,DrawW_OnyxLinePrim__FP8CCOORD16P8Trk_LineiP25Draw_tGiveShelbyMoreCache,1,1,1
520,R3DCar_Instantiate3DCar__FP8Car_tObji,1,1,0
530,AudioCmn_SoundCar__FP8Car_tObjiiiiiii,1,1,0
531,Hud_BuildNumbers0__Fi,1,1,0
547,HighExecute__14AIHigh_Traffic,1,1,0
548,sprintf,1,1,0
557,AIPhysic_InControlPhysics__FP8Car_tObj,1,1,0
583,StCdInterrupt,1,1,0
588,DrawW_SubdividFacet__FP25Draw_tGiveShelbyMoreCacheiP12Draw_SVertexN32ss,1,1,1
592,DrawW_DrawQuad__FP25Draw_tGiveShelbyMoreCacheP8Trk_Quad,1,1,1
593,GenericPMX_LoadTexture__Fv,1,1,0
597,Cars_DoExtraCarCollisionProcessing__FP8Car_tObj,1,1,0
603,Flare_Halo2__FP13DRender_tViewiiP8coorddefT3P15Draw_FlareCache,1,1,1
605,Camera_CheckWallCollisions__FiP8coorddef,1,1,0
606,Hud_RenderHudView__Fv,1,1,0
624,Hud_Init__Fv,1,1,0
630,Flare_CarShapedHalo__FiP7COORD16N21siP15Draw_FlareCache,1,1,1
661,HudPmx_InitTextures__Fv,1,1,0
674,SetupBlockade__13AIHigh_Player,1,1,0
675,HighExecute__18AIHigh_BTC_Wingman,1,1,0
710,Physics_CalculateCarAcceleration__FP8Car_tObj,1,1,0
758,Hud_BuildNumbers__Fi,1,1,0
765,Collide_DoActualObjectCollisionCheck__FP13BO_tNewtonObjT0P8coorddefT2,1,1,0
777,unhuff,0,1,0
779,Collide_TestWithPlane__FP13BO_tNewtonObjP8coorddefT1,1,1,0
868,Input_Update__Fv,1,1,0
874,Collide_DoObjectFixedObjectCollision__FP13BO_tNewtonObjP8coorddefN21,1,1,0
905,Newton_FindGroundElevationAndNormal__FP13BO_tNewtonObjP8coorddef,1,1,0
938,Sfx_BuildSouffleFacet__FP13DRender_tViewP17Souffle_tISouffle,1,1,1
976,DrawC_PrimStart__FP12Draw_tVertexP8Car_tObjiP13Draw_CarCache,1,1,1
991,Collide_DoObjectObjectCollision__FP13BO_tNewtonObjT0P8coorddefT2,1,1,0
1054,R3DCar_InsertCarFacetMenu__FP8Car_tObjP13DRender_tView,1,1,0
1144,R3DCar_InsertCarFacet__FP8Car_tObjP13DRender_tView,1,1,0
1164,Collide_TestObjectVertices__FP13BO_tNewtonObjT0P8coorddefT2,1,1,0
1272,Physics_Real__FP8Car_tObj,1,1,0
1389,DrawC_Prim__FP10matrixtdefP8coorddefP16Transformer_zObjP20Transformer_zOverlayiP13Draw_CarCache,1,1,1
1460,HighExecute__10AIHigh_Cop,1,1,0
1877,DrawC_PrimClip__FP10matrixtdefP8coorddefP16Transformer_zObjP20Transformer_zOverlayiP13Draw_CarCache,1,1,1
1957,Car_TireSkiddingStuff__FP8Car_tObj,1,1,0
